Sample,Safety perception (y),Gender,Maritial status,Age,Educational level,Monthly house hold income,Vehicle ownership,Purpose of using the crossing,How much time do you typically wait at the zebra crossing,Are you aware of zebra crossing signs,Did you ever crossed road without using a zebra crossing,Should pedestrians attend road safety educational programmes,Have you done any road safety educational programme?,Safety at the crossing Prefrence,Pedestrian carelessness.,Driver inattentiveness,Pedestrian unawareness,Aggressive driver behaviour,Faded road signs.,Peak hour increases pedestrian accidents.,Fast moving vehicle increases pedestrian accidents.,Driver should always allow pedestrians to enter the intersection.,Strict application of law on vehicles makes you safe at zebra crossing.,Rumble strips and cat eyes before zebra crossing,Presence of a mid block,three dimesional,Refuge Island at a median,Curb Extension with raised zebra crossing,Non  skid footpath tiles,Sign board at 20 to 100 meters
1,1,0,0,2,4,2,0,3,4,3,3,4,1,1,1,2,1,1,2,1,1,4,4,5,4,4,4,3,2,3
2,2,0,0,2,4,2,0,3,4,5,4,4,1,3,1,3,1,3,4,4,2,2,4,2,3,4,4,2,4,4
3,2,0,1,3,2,1,0,4,4,5,3,4,0,4,1,2,4,2,3,3,2,3,4,2,5,2,3,4,3,4
4,3,0,0,2,2,2,0,4,3,4,2,3,0,3,3,2,3,2,2,3,2,4,5,3,4,5,5,3,4,5
5,3,0,0,2,4,1,0,3,3,5,2,2,0,4,3,2,4,2,4,4,4,2,2,4,2,4,3,4,3,4
6,1,0,1,2,2,1,0,1,5,2,4,3,0,4,3,3,1,1,3,2,3,3,5,5,3,1,4,1,4,2
7,1,0,1,3,2,1,0,1,4,2,2,3,0,2,4,3,1,2,4,5,3,2,5,2,3,3,4,2,3,4
8,2,0,1,3,2,2,0,5,3,4,4,5,0,2,3,4,1,1,5,5,2,1,3,1,2,3,3,3,4,3
9,2,0,0,2,3,2,0,4,4,4,3,3,0,3,3,4,2,4,2,5,2,1,4,3,2,4,1,3,4,3
10,1,1,0,2,2,1,0,4,4,2,4,4,0,1,3,4,2,4,2,5,2,1,4,1,3,3,3,3,1,4
11,3,0,1,3,2,1,0,4,4,4,3,4,0,1,2,3,2,4,2,5,2,1,2,4,3,4,2,4,3,4
12,3,0,0,2,2,1,0,4,4,3,3,4,0,4,2,4,3,3,4,5,4,3,2,3,3,4,2,4,3,4
13,3,0,0,2,2,1,0,4,2,5,4,3,0,2,3,2,3,2,2,3,2,3,4,4,3,4,3,4,4,4
14,2,1,0,2,2,1,0,4,5,4,2,4,0,2,3,2,4,3,2,3,2,4,4,3,4,4,4,4,4,3
15,1,1,1,3,2,2,0,3,4,5,3,5,0,2,3,5,3,5,3,3,4,3,4,1,1,1,4,1,3,2
16,2,0,0,2,1,1,0,3,5,4,4,4,0,2,4,2,3,1,1,3,2,3,5,5,2,5,2,4,3,4
17,1,0,0,2,3,1,0,3,5,5,3,5,0,2,1,3,4,2,2,4,3,4,3,2,3,4,3,4,3,4
18,1,1,0,2,3,1,0,3,5,3,4,4,0,2,2,4,2,4,2,4,3,4,2,3,4,2,4,3,4,4
19,2,0,1,3,2,1,0,3,5,4,3,5,0,4,2,3,2,3,2,4,3,4,2,3,4,2,4,2,4,3
20,2,0,1,3,2,2,1,4,3,3,3,4,1,2,3,3,4,2,4,4,3,4,2,2,3,2,3,4,2,3
21,3,0,0,2,3,1,0,5,4,4,2,4,0,2,4,3,4,3,4,5,3,2,4,5,5,4,4,3,3,3
22,2,1,1,3,2,2,0,3,3,5,4,2,0,4,5,4,3,4,2,5,4,3,2,1,3,2,4,3,4,4
23,2,0,0,2,2,1,0,4,4,3,4,2,1,2,3,4,3,4,3,3,4,4,2,3,2,4,2,4,2,4
24,3,0,0,3,5,1,0,5,4,5,4,4,1,4,5,3,4,2,3,3,2,2,4,3,4,3,4,3,4,3
25,1,0,0,2,2,1,0,3,4,5,4,4,0,4,5,2,5,5,3,4,2,2,4,1,3,4,3,2,4,2
26,3,0,0,2,4,1,2,3,4,5,4,4,1,3,3,2,4,2,4,3,4,4,2,3,3,2,4,2,4,2
27,1,0,1,2,5,3,1,4,3,4,4,4,1,3,3,2,5,4,3,3,2,4,4,4,3,4,4,4,4,4
28,1,0,1,3,1,1,2,3,5,3,2,3,0,4,5,3,4,3,3,4,3,2,3,1,3,3,2,3,2,3
29,3,1,0,2,1,1,1,4,3,5,2,4,0,2,5,3,5,3,5,5,2,1,4,4,3,4,4,4,4,4
30,1,1,0,2,5,1,0,3,5,4,2,4,1,3,4,5,3,4,2,4,2,2,4,4,3,4,4,4,4,3
31,2,0,1,2,5,1,0,3,5,5,2,4,0,4,5,3,4,3,3,5,3,1,3,3,2,3,2,3,3,2
32,2,0,1,3,1,1,0,2,5,3,2,2,1,1,5,4,5,4,3,5,4,1,2,2,1,1,2,2,1,2
33,3,0,1,4,3,2,2,4,3,5,4,4,1,2,5,2,3,2,3,2,2,4,3,4,3,3,4,3,2,3
34,1,0,1,3,1,1,0,4,5,2,4,5,1,4,5,5,4,4,5,1,2,4,3,4,4,3,4,4,3,4
35,3,1,1,3,4,3,2,3,4,3,4,4,1,2,5,3,5,3,5,3,4,3,2,1,3,4,4,4,3,4
36,1,0,0,2,3,2,0,3,5,4,3,4,1,3,5,2,5,3,3,4,3,2,3,3,2,3,3,3,3,3
37,2,0,0,2,2,1,0,5,4,4,5,4,1,1,5,3,5,3,4,3,2,3,4,3,4,2,1,2,4,3
38,3,0,1,3,4,3,2,4,5,5,5,4,0,4,4,5,4,3,4,4,3,2,3,2,3,2,1,3,1,3
39,2,1,0,2,5,2,2,4,3,5,3,2,1,4,5,3,4,3,5,3,4,3,2,3,2,3,2,3,4,4
40,2,0,0,2,4,3,1,4,2,3,4,3,1,4,5,4,3,5,3,3,4,3,3,3,2,3,3,4,3,4
41,4,0,0,1,2,2,0,5,1,2,3,2,1,4,1,4,1,4,2,4,5,2,1,2,2,1,3,2,4,2
42,1,0,1,4,5,4,2,5,5,3,4,1,1,2,2,4,2,4,2,3,5,5,1,2,5,1,3,1,3,3
43,3,1,0,2,1,2,2,4,3,4,3,2,1,4,2,3,2,3,4,4,5,3,4,1,4,4,4,4,4,3
44,2,1,1,4,5,5,2,4,3,3,3,3,1,2,5,3,5,3,4,4,3,1,3,2,1,2,2,1,2,5
45,1,1,1,2,3,3,2,5,1,3,4,4,1,2,5,4,5,4,5,5,4,1,2,1,2,1,2,1,2,2
46,3,0,1,2,5,3,2,4,3,4,3,4,0,4,5,3,3,3,4,3,4,3,3,3,3,4,4,3,4,4
47,4,1,1,2,3,2,2,4,3,5,2,4,1,4,5,3,5,3,4,3,4,3,2,4,4,4,4,3,4,4
48,3,1,0,1,1,1,0,2,1,3,2,4,0,3,5,5,5,4,4,4,5,2,2,3,3,3,2,3,2,3
49,2,1,1,3,4,3,1,4,3,4,4,4,1,3,5,4,5,3,4,4,3,2,3,2,3,1,3,2,3,2
50,3,1,0,2,3,1,0,3,5,4,2,5,1,2,5,3,4,3,4,3,4,3,4,5,5,4,3,4,3,4
51,2,0,1,2,4,2,1,1,2,3,4,5,1,1,2,1,2,1,2,2,2,4,4,4,5,4,4,4,4,4
52,3,1,1,2,2,2,0,3,3,5,4,4,1,1,2,2,2,2,2,1,1,5,4,5,5,4,5,4,5,4
53,4,1,1,2,2,2,0,3,2,5,3,5,1,4,2,2,2,2,2,2,1,4,5,4,5,4,5,4,5,4
54,1,1,0,2,3,2,0,3,2,3,3,5,1,1,2,1,2,1,2,1,2,5,4,5,4,5,5,5,5,5
55,1,0,1,2,4,3,2,3,2,5,4,4,1,4,2,2,2,2,1,2,2,4,4,5,5,4,4,4,4,4
56,1,0,0,2,4,2,1,3,2,5,3,3,1,2,2,1,2,1,2,2,1,4,5,4,5,5,5,4,4,4
57,4,0,0,2,3,2,1,3,2,5,3,4,1,2,2,1,2,1,2,2,1,5,5,5,5,5,5,5,5,5
58,2,0,1,2,4,2,1,1,2,5,3,4,1,2,2,2,2,2,2,2,2,4,4,4,5,5,5,4,4,4
59,2,0,0,2,4,3,2,1,2,4,3,4,1,2,2,1,1,2,1,2,1,4,5,4,5,4,5,4,5,5
60,3,0,0,2,2,2,0,4,2,5,2,5,1,2,2,1,2,1,2,2,1,4,5,4,5,4,5,4,5,5
61,1,0,0,1,3,2,1,4,2,3,2,5,1,2,2,1,2,1,2,1,2,5,4,4,5,4,5,4,5,4
62,2,0,1,2,4,3,0,4,2,3,2,3,1,1,2,1,2,1,2,1,1,5,4,5,4,5,4,4,3,4
63,2,0,0,3,3,2,0,4,2,3,3,5,1,2,2,1,2,1,2,2,1,4,5,4,5,4,5,4,5,4
64,2,0,0,2,4,3,1,3,2,3,2,4,0,2,1,2,2,2,2,1,1,4,4,4,5,4,5,4,4,4
65,2,0,1,1,2,1,0,3,2,3,3,4,0,1,2,2,1,1,3,1,2,5,5,4,5,4,5,4,5,4
66,1,0,0,2,2,3,1,3,4,4,2,5,1,4,2,2,2,1,2,2,1,4,5,5,4,5,4,5,4,5
67,1,1,1,2,4,3,0,3,4,2,3,4,0,3,1,1,3,2,1,1,1,4,5,4,5,4,5,4,5,4
68,1,0,1,2,2,2,1,3,2,5,3,3,0,2,2,2,1,1,2,2,2,3,4,4,4,3,4,4,4,4
69,1,0,1,2,2,2,0,3,5,4,3,5,1,3,3,2,1,1,2,2,1,5,5,5,5,4,4,5,4,5
70,2,0,0,2,5,3,2,3,5,4,2,5,1,2,2,2,1,2,1,2,1,4,5,4,5,4,5,4,5,4
71,5,0,0,2,5,3,0,4,2,3,2,4,1,1,2,1,2,1,2,2,2,3,4,4,3,3,4,5,3,4
72,2,0,1,2,4,2,1,1,3,4,3,3,1,1,5,2,1,1,1,1,3,5,5,1,5,5,5,5,5,5
73,1,0,1,2,5,3,2,3,2,5,3,5,1,4,2,1,2,1,3,1,2,3,5,4,4,5,5,4,3,5
74,2,1,1,3,4,4,1,4,4,2,1,5,1,1,1,2,1,1,2,1,2,3,4,4,3,4,5,4,5,4
75,2,1,1,3,3,3,1,2,2,2,3,4,1,4,3,2,3,2,2,2,2,5,4,4,5,4,5,4,5,4
76,2,0,1,2,4,2,1,3,2,2,4,4,1,4,2,1,2,1,2,1,2,5,4,5,4,4,5,4,5,4
77,2,0,1,2,4,3,0,3,2,3,4,4,1,3,2,2,2,1,1,2,1,4,5,4,4,5,4,5,4,5
78,3,0,1,3,1,2,1,3,2,2,3,4,1,1,1,2,2,2,2,2,1,4,5,4,4,5,4,5,4,4
79,2,0,1,2,1,2,1,5,1,3,4,5,1,1,5,5,5,5,4,5,4,1,1,3,3,2,1,1,2,4
80,2,1,1,2,4,2,1,3,2,4,3,4,1,1,2,1,2,1,2,1,2,5,4,5,4,5,4,5,4,4
81,2,1,1,2,3,2,1,4,2,3,3,4,1,1,2,1,2,1,2,1,2,5,4,5,4,5,4,5,4,5
82,2,0,0,2,4,2,2,2,3,4,4,5,1,4,2,1,2,1,1,2,1,4,5,4,5,4,5,4,5,4
83,1,0,0,2,2,2,1,2,2,2,3,4,1,2,2,1,2,1,2,2,1,4,5,4,5,4,5,4,5,4
84,1,0,1,2,2,2,0,4,2,3,4,4,1,1,2,1,1,2,1,2,2,5,5,4,5,5,4,4,4,4
85,2,0,0,2,3,2,1,3,2,3,4,4,1,2,2,1,2,1,2,2,1,4,4,5,4,5,4,5,4,5
86,2,0,0,2,3,2,1,3,2,2,4,4,1,3,2,2,2,2,2,1,1,5,5,4,5,4,5,4,5,4
87,3,0,0,2,3,2,1,4,2,3,4,5,1,2,2,1,2,1,1,2,1,5,4,4,4,5,5,5,4,4
88,2,1,1,3,4,3,2,4,2,3,4,4,1,4,2,1,2,1,1,2,2,5,4,4,4,5,5,5,4,4
89,1,1,0,2,3,2,0,3,2,3,4,5,1,4,2,1,2,2,1,2,1,4,4,4,5,4,5,4,4,4
90,1,0,0,2,4,2,1,4,1,4,4,5,1,3,2,2,2,2,1,2,1,4,4,4,5,4,5,4,4,4
91,1,0,1,3,3,3,1,3,2,5,4,4,1,3,2,1,1,1,1,1,1,4,4,5,4,4,5,4,4,5
92,2,0,1,2,4,4,2,3,3,2,4,5,1,3,3,2,2,2,1,2,1,5,4,5,4,5,4,5,5,4
93,1,1,0,2,4,3,1,4,2,3,2,5,1,1,1,1,1,2,2,2,3,3,3,4,4,4,4,5,5,5
94,2,1,0,2,5,2,1,4,2,3,3,4,1,1,2,1,2,1,1,2,1,4,5,4,5,5,4,4,3,4
95,2,0,1,2,3,3,2,1,2,2,3,5,1,2,2,1,1,2,1,2,1,4,5,4,4,4,4,3,4,4
96,1,0,1,3,4,2,1,2,2,4,5,5,1,1,2,2,3,1,2,2,3,5,4,4,4,4,5,4,3,4
97,2,1,1,3,3,4,2,1,2,2,5,2,1,2,3,3,2,1,2,2,1,4,3,5,4,5,5,4,5,4
98,2,0,1,3,4,2,1,2,2,3,5,5,1,1,2,3,3,2,2,3,2,5,3,4,3,4,3,4,5,4
99,1,0,1,3,3,3,2,4,2,3,4,5,1,1,2,3,1,2,1,2,1,5,4,5,4,5,4,5,4,4
100,1,0,1,4,4,3,1,5,4,2,5,5,1,1,2,2,2,1,1,2,2,5,4,3,3,3,4,4,5,4
101,2,0,1,2,1,1,0,1,1,5,3,3,1,1,1,4,4,2,1,4,1,4,5,5,5,4,2,2,5,5
102,1,0,1,3,1,1,0,5,1,3,3,4,0,3,5,5,5,2,2,5,3,4,2,5,4,5,5,4,5,5
103,2,0,1,2,1,1,0,3,1,5,3,4,1,3,2,2,1,1,2,5,5,4,5,5,5,4,3,4,5,4
104,1,0,1,2,1,1,0,5,1,5,3,3,0,4,4,3,2,4,4,5,5,2,2,3,4,4,4,5,5,5
105,2,0,1,2,1,1,1,5,2,2,2,4,1,4,2,4,5,2,3,2,4,2,3,1,2,2,5,5,5,5
106,2,1,1,3,1,1,1,3,1,5,3,3,1,1,4,3,3,3,2,4,3,5,5,4,5,5,4,5,5,5
107,2,1,0,2,3,2,0,5,2,4,4,4,0,3,4,4,3,3,4,5,4,2,2,3,3,4,4,4,3,1
108,3,0,1,3,2,2,1,5,2,3,3,2,1,4,1,2,1,3,4,1,2,2,2,3,2,4,1,5,1,3
109,2,0,0,2,3,2,0,3,1,3,4,4,1,1,5,5,5,5,5,5,4,3,3,5,3,2,3,4,3,3
110,3,0,1,2,1,1,0,1,1,4,4,4,0,1,2,5,4,1,2,1,4,5,1,2,4,2,3,2,4,5
111,2,0,1,3,1,1,1,3,2,3,4,5,1,1,1,1,2,1,3,4,3,5,1,4,2,5,5,5,4,3
112,4,1,1,3,1,1,0,5,1,3,4,4,1,2,4,3,3,3,3,5,2,4,4,2,2,2,3,4,4,5
113,1,0,1,2,2,2,1,3,1,5,3,4,1,1,4,4,3,4,4,4,3,4,4,4,4,3,3,3,4,4
114,2,0,0,1,2,1,1,3,1,5,3,3,1,1,5,3,2,3,4,4,1,5,5,5,4,4,5,3,5,5
115,2,0,1,2,1,1,0,3,1,4,3,5,1,3,3,3,1,1,1,1,1,4,4,5,5,4,4,5,5,5
116,2,0,1,3,1,2,1,1,2,4,3,4,1,3,1,1,2,1,1,1,2,5,4,4,4,5,4,5,5,5
117,1,1,1,3,2,2,2,2,1,3,2,3,1,1,2,2,1,1,1,2,2,5,4,5,5,5,5,4,4,4
118,1,1,0,1,4,2,0,2,1,4,3,3,1,1,4,4,3,3,3,1,1,5,5,4,5,3,4,5,4,5
119,2,1,0,1,2,1,0,2,1,4,3,4,1,2,4,4,1,1,1,3,3,4,4,5,5,4,4,4,5,5
120,2,0,1,2,1,2,0,4,1,3,4,2,0,2,3,3,4,4,3,1,1,5,5,5,5,5,5,5,4,2
121,1,0,1,2,1,1,0,4,1,4,2,4,1,1,3,2,2,2,3,3,2,4,5,5,5,4,4,4,5,5
122,2,0,1,4,5,3,2,3,1,4,4,2,0,2,2,3,1,4,1,2,1,4,5,4,5,4,5,2,1,3
123,2,0,1,3,1,1,0,3,1,4,4,2,1,1,4,4,4,4,3,4,5,2,2,2,3,2,2,1,1,5
124,2,0,1,2,3,2,1,5,1,3,4,5,0,1,5,5,4,4,4,4,4,2,3,2,1,5,4,2,1,1
125,2,0,1,2,4,1,1,1,1,3,4,5,1,1,5,5,5,4,3,4,4,1,1,3,1,4,5,1,1,3
126,2,0,0,2,2,1,1,2,1,2,3,5,1,1,5,4,5,4,5,5,5,2,2,1,2,1,3,2,1,5
127,1,0,1,2,2,2,1,1,1,2,4,2,1,2,5,4,5,4,5,4,5,2,1,1,2,1,5,5,5,5
128,1,0,1,2,2,2,1,3,1,2,4,3,1,1,5,5,4,4,5,5,4,1,2,1,2,3,1,1,3,5
129,1,0,0,1,1,1,0,1,1,3,4,4,1,1,5,5,4,5,5,5,4,1,1,1,5,5,5,5,5,4
130,2,0,1,2,2,1,0,3,1,4,3,4,1,1,5,5,5,4,4,3,2,5,5,2,2,2,5,5,5,2
131,2,0,1,2,2,2,1,1,1,2,4,2,1,1,4,4,4,5,3,3,3,2,2,2,2,1,1,2,2,2
132,1,0,1,2,2,2,0,2,1,3,3,4,1,4,5,4,4,5,5,4,4,1,1,1,2,1,3,2,3,1
133,1,0,0,1,3,2,1,3,1,4,5,2,1,3,5,5,5,3,3,1,1,5,4,3,5,5,1,1,2,1
134,2,0,1,2,1,2,0,1,1,4,3,2,1,2,4,4,4,5,5,5,4,2,1,2,2,2,2,2,1,1
135,1,0,1,2,2,1,0,3,1,4,3,3,1,1,5,5,5,5,5,4,4,3,2,1,3,2,1,1,5,1
136,2,0,1,2,2,2,1,4,1,2,4,3,1,3,4,4,4,5,5,4,4,1,2,3,3,5,5,4,5,1
137,1,1,1,2,2,2,1,4,1,4,3,2,0,1,2,3,2,3,3,4,4,3,3,3,2,2,3,2,3,2
138,1,0,0,1,2,1,0,4,1,4,4,4,1,2,5,5,4,4,5,5,4,1,2,1,2,1,2,1,1,1
139,2,0,1,2,2,2,1,4,1,5,4,4,1,3,1,1,1,1,2,4,3,3,2,3,2,3,3,2,3,3
140,3,0,1,2,2,2,1,4,2,3,3,5,1,2,5,5,4,4,5,5,4,2,1,2,2,1,2,2,3,5
141,1,0,1,3,2,3,1,5,1,2,3,2,1,1,1,1,2,2,3,5,5,1,2,2,2,1,1,2,1,2
142,2,0,1,2,2,2,1,4,1,3,4,4,1,3,5,5,4,4,1,4,4,2,2,1,1,2,3,4,5,5
143,2,0,0,1,2,2,1,4,1,2,4,5,1,4,5,5,5,1,1,4,3,1,1,1,1,2,2,2,5,5
144,2,1,1,3,1,1,0,4,1,3,3,4,1,4,4,1,5,5,4,5,4,1,3,2,2,1,2,4,1,2
145,3,0,1,2,1,1,0,1,1,4,4,4,1,2,5,5,4,4,3,5,5,2,4,1,2,2,2,4,4,5
146,1,0,1,3,1,1,0,5,1,2,3,5,1,3,1,1,1,1,2,3,2,2,4,1,2,2,5,5,3,5
147,2,0,1,2,1,2,1,4,1,3,2,4,1,4,5,5,5,4,4,2,1,5,5,5,4,3,5,5,4,5
148,3,0,1,2,2,2,1,3,1,3,4,4,1,3,4,4,3,4,4,4,4,3,3,3,2,3,3,2,3,5
149,1,0,1,3,1,1,0,3,1,4,3,5,1,4,1,1,1,1,2,4,4,1,1,2,2,3,4,3,5,5
150,2,0,1,2,2,2,1,2,2,3,4,4,1,4,2,1,2,1,2,2,1,4,5,4,4,5,4,4,5,4
151,2,0,1,2,2,1,1,4,5,3,4,5,1,1,1,2,1,2,1,1,2,4,5,4,4,4,4,4,4,4
152,2,0,1,3,2,1,0,3,3,3,4,4,1,1,1,2,1,2,1,1,2,4,4,5,4,4,5,4,5,4
153,2,0,0,1,4,1,0,3,3,3,3,4,0,1,2,2,1,2,2,2,2,4,4,5,5,5,5,5,5,5
154,2,0,1,3,1,1,0,3,2,2,4,4,1,1,1,1,1,1,1,1,1,5,5,5,5,5,5,5,5,5
155,2,0,0,2,2,2,0,3,4,3,3,4,0,1,2,2,2,2,2,2,2,4,4,5,5,5,5,5,5,5
156,1,0,0,1,1,1,0,2,2,4,3,5,1,4,4,4,4,4,1,4,2,2,4,5,5,5,5,5,5,5
157,1,0,1,4,2,1,0,1,3,5,3,3,1,1,2,2,2,2,2,1,1,5,4,5,5,5,5,5,5,5
158,2,0,1,4,1,2,0,3,3,4,3,4,1,1,1,1,1,3,1,1,4,5,5,5,5,5,5,5,5,5
159,3,0,0,2,1,2,0,4,3,4,3,5,1,1,2,3,2,3,2,2,2,4,3,5,5,5,5,5,5,5
160,1,0,1,3,1,2,0,3,5,2,4,5,1,3,3,3,3,3,3,2,4,4,2,5,5,5,5,5,5,5
161,1,0,1,4,1,1,1,3,1,2,3,4,0,1,2,4,2,4,2,3,3,3,3,5,5,5,5,5,5,5
162,1,0,1,3,1,1,1,4,3,3,4,4,1,3,1,1,1,1,1,1,1,3,5,5,5,5,5,5,5,5
163,3,0,1,2,1,1,0,3,5,4,2,2,0,4,1,2,2,3,2,2,2,4,4,5,4,4,4,4,5,5
164,1,0,1,2,3,3,1,5,3,2,3,5,0,3,4,4,4,4,4,4,4,2,2,5,5,5,5,5,5,5
165,2,0,1,3,1,1,0,3,3,3,3,5,1,4,2,1,2,1,1,2,1,4,5,5,4,5,4,5,4,5
166,2,0,1,4,1,2,1,3,5,5,3,2,1,1,2,3,3,2,3,2,3,5,4,5,5,5,5,4,5,4
167,1,0,0,2,1,1,0,3,5,4,3,5,1,3,4,4,3,3,3,2,2,4,4,5,5,3,2,4,4,4
168,1,1,0,3,1,1,0,4,2,3,2,4,0,4,2,3,1,2,1,2,1,4,5,5,4,5,4,5,4,5
169,2,0,0,1,3,1,1,5,2,5,2,2,1,4,2,1,2,1,2,2,1,4,5,5,5,4,5,4,5,4
170,2,0,1,2,1,1,1,3,3,4,2,2,1,3,1,2,1,2,1,1,2,5,4,5,5,5,5,5,5,5
171,1,0,0,2,4,4,1,2,4,3,3,2,1,1,2,2,2,2,2,2,3,4,3,5,5,5,5,5,5,5
172,1,0,0,2,4,3,1,4,3,3,2,3,1,1,2,1,2,1,2,1,2,5,4,5,5,5,5,5,5,5
173,3,0,0,1,1,1,0,4,3,5,3,2,1,1,2,3,3,2,3,3,2,4,3,4,4,5,4,5,5,4
174,1,0,1,4,1,1,0,4,3,4,2,4,1,1,2,3,2,1,3,3,2,5,3,5,4,4,4,4,4,4
175,1,0,1,4,2,3,1,3,3,5,3,4,1,2,2,1,2,1,2,1,2,5,5,5,3,3,5,3,5,5
176,3,0,1,3,4,2,1,3,3,4,4,5,1,2,2,1,2,1,2,2,1,4,5,4,4,4,4,3,4,4
177,2,0,1,2,2,2,1,4,2,3,4,5,1,1,2,1,2,1,2,2,1,4,5,4,5,4,5,4,5,4
178,2,0,1,2,2,1,1,4,2,3,5,5,1,4,2,1,2,1,2,2,1,4,5,4,5,4,3,3,4,5
179,1,0,0,1,3,1,1,1,3,4,2,5,1,4,3,2,3,2,3,3,2,3,4,3,4,3,4,3,4,4
180,2,0,1,2,2,3,1,3,2,3,3,4,1,1,2,1,2,1,2,2,2,5,4,4,4,4,5,5,5,5
181,2,0,1,2,2,2,1,4,3,3,4,4,1,3,2,3,2,3,3,2,2,4,4,4,4,4,5,5,4,5
182,2,0,1,2,1,1,1,1,5,3,4,2,1,2,1,2,3,3,3,3,2,3,4,3,3,5,5,5,3,4
183,1,1,1,3,4,4,2,1,2,2,4,5,1,1,2,2,4,2,2,3,3,4,5,3,5,3,5,3,5,4
184,2,1,0,2,4,2,1,4,1,4,4,5,1,2,2,2,1,1,1,2,2,5,4,3,3,4,5,3,3,3
185,1,0,1,4,2,1,0,1,3,4,3,2,1,4,2,1,2,1,2,2,1,4,5,4,5,4,5,4,5,4
186,2,0,1,2,2,1,1,4,2,3,4,2,1,3,2,1,2,1,2,2,1,5,4,4,5,5,5,5,5,4
187,2,1,1,3,1,2,1,3,2,3,4,2,1,1,3,3,2,1,2,3,3,4,3,3,4,5,3,4,5,4
188,1,0,1,2,1,2,0,4,3,4,3,2,1,1,2,1,2,1,2,2,1,4,5,4,4,4,4,4,4,5
189,2,1,1,2,2,1,0,3,3,4,4,2,0,2,3,2,3,1,2,1,2,5,4,4,5,4,5,4,5,4
190,1,0,1,2,1,1,0,4,3,3,3,3,1,2,2,1,2,2,2,2,1,4,4,4,5,4,5,4,5,4
191,2,0,0,1,4,3,2,2,1,4,5,1,1,1,3,2,1,2,1,2,1,4,5,4,4,5,5,5,5,5
192,1,0,1,3,1,1,0,3,5,4,5,2,1,4,1,1,1,1,1,2,2,4,5,4,5,4,5,4,5,4
193,1,0,1,4,5,3,2,3,2,5,2,2,1,1,2,3,2,3,2,2,3,4,3,4,3,4,3,4,3,4
194,2,1,1,2,2,1,0,2,3,4,3,2,1,2,2,3,2,1,1,3,3,3,4,3,5,4,4,5,4,5
195,2,0,1,4,1,2,0,5,3,3,5,3,1,3,3,2,1,2,3,3,2,3,4,4,5,4,5,4,5,5
196,2,0,0,1,1,1,2,4,2,3,3,2,0,1,2,3,2,1,2,3,2,5,4,4,5,4,5,4,5,4
197,1,0,1,3,2,2,1,1,5,2,5,3,1,1,2,3,4,4,3,1,1,5,5,5,5,5,5,5,5,5
198,2,0,1,3,2,2,0,5,3,3,3,2,1,2,3,2,3,2,3,3,1,5,4,4,4,5,4,5,4,5
199,2,0,1,3,2,1,0,1,3,4,5,2,1,1,3,2,3,2,3,2,3,4,3,4,4,4,5,4,5,4
200,2,0,1,4,1,2,1,3,5,3,5,2,1,1,1,1,1,1,2,2,2,4,4,4,5,4,5,4,5,4
201,1,0,0,2,3,2,0,3,3,3,5,5,1,1,5,1,1,1,1,4,4,5,5,5,5,5,3,5,5,5
202,2,1,1,3,2,2,0,2,5,5,2,4,1,1,4,1,1,1,1,5,1,4,5,5,5,5,5,5,4,4
203,2,1,1,2,2,1,0,3,5,3,4,5,0,1,5,2,1,1,1,2,2,4,4,4,5,5,5,5,5,5
204,3,1,1,2,3,3,2,2,4,4,3,5,1,1,1,1,1,3,1,1,1,5,5,5,3,4,5,4,5,5
205,1,1,1,3,2,1,0,3,5,3,4,4,1,1,1,1,1,1,1,5,1,4,5,5,5,5,5,5,5,5
206,3,1,1,3,4,3,0,3,3,5,4,4,1,3,5,1,1,1,1,1,1,3,5,5,5,5,5,5,5,5
207,2,0,1,2,4,2,0,3,4,5,4,5,1,3,1,1,4,1,1,1,1,5,5,5,5,5,5,5,5,5
208,2,0,1,3,2,3,0,2,5,5,5,4,1,1,1,1,1,1,1,4,1,5,5,3,4,4,3,2,3,5
209,2,1,0,3,2,3,0,2,5,4,5,3,1,1,2,1,1,1,1,1,1,5,5,4,5,5,5,5,5,4
210,2,0,0,2,2,2,0,1,5,4,3,4,1,1,2,2,2,1,1,3,3,3,3,4,4,4,4,5,5,5
211,1,0,0,2,2,2,1,2,5,4,4,5,1,3,1,1,1,1,1,2,2,5,5,5,5,5,5,5,5,5
212,2,0,0,2,2,2,0,1,4,4,2,4,1,3,4,4,4,4,4,3,3,3,3,3,3,4,3,4,3,5
213,4,0,0,2,2,2,0,3,4,4,3,4,1,1,5,1,1,1,1,1,2,5,5,5,5,5,5,4,4,5
214,1,0,0,2,4,3,0,4,5,3,4,4,1,2,1,1,1,1,1,1,1,3,5,5,5,5,5,5,5,5
215,1,0,0,2,3,3,0,4,4,5,4,5,1,4,1,4,1,1,1,4,4,3,5,5,5,5,5,5,5,5
216,2,0,1,3,2,2,0,3,5,5,4,4,1,1,5,1,1,1,1,4,1,5,5,5,5,1,5,4,5,5
217,4,0,0,2,2,3,1,5,4,5,4,4,1,3,3,2,1,2,1,2,1,5,5,5,5,5,5,5,5,5
218,1,0,1,4,2,2,0,3,4,5,5,4,1,4,1,1,1,3,1,1,5,5,5,5,5,3,4,5,2,5
219,1,0,1,4,2,3,0,1,5,4,5,5,1,1,1,2,1,2,1,1,1,5,5,5,5,4,5,5,4,5
220,2,0,1,2,2,3,0,1,5,3,2,4,1,4,3,3,2,1,1,1,1,5,4,5,5,5,5,5,5,5
221,2,0,1,3,2,3,2,3,2,4,3,4,1,1,5,1,1,1,1,1,1,3,5,5,5,3,4,5,5,5
222,2,0,1,3,3,3,1,2,3,5,5,3,1,3,4,1,1,1,1,1,4,5,5,5,1,5,5,5,5,5
223,1,1,1,3,1,2,0,4,1,4,2,5,1,1,3,1,4,5,2,2,3,5,3,1,5,5,3,5,4,5
224,3,0,1,3,2,2,0,3,3,5,2,2,1,2,5,1,1,2,1,1,2,5,5,5,5,2,5,5,5,4
225,1,1,0,2,3,2,0,3,4,4,5,4,1,3,4,1,1,1,1,1,4,5,5,5,4,2,5,5,5,5
226,2,0,1,2,3,2,0,4,3,3,1,3,1,1,5,2,2,3,2,5,3,3,4,3,1,3,4,5,5,5
227,3,1,1,3,2,2,1,2,4,3,4,4,1,1,5,1,1,1,1,1,1,5,5,1,3,5,5,5,3,5
228,2,0,1,3,1,2,0,4,2,3,4,2,1,1,5,1,1,1,1,3,3,5,5,2,5,5,5,5,5,5
229,1,0,1,2,1,2,0,3,2,4,4,4,1,2,5,2,2,3,1,5,1,5,5,1,5,5,5,5,5,5
230,3,0,0,2,2,2,1,3,3,5,4,4,1,1,5,3,2,1,1,5,2,5,5,1,5,5,5,4,5,4
231,2,0,1,3,2,2,1,5,3,4,1,5,1,1,2,3,2,1,1,3,3,2,2,3,4,4,4,5,5,5
232,1,1,1,2,5,3,0,3,3,4,5,4,1,1,4,1,1,1,1,1,1,5,5,2,2,1,5,5,5,5
233,2,0,0,2,1,2,0,4,4,4,2,2,1,1,5,1,1,1,1,2,4,5,5,1,5,5,5,5,5,5
234,2,0,0,2,2,2,2,3,4,4,1,3,1,1,1,2,1,1,1,1,1,5,5,5,5,5,3,5,3,5
235,2,1,1,3,1,2,0,3,3,5,1,3,1,1,5,3,2,2,3,5,3,5,5,5,5,5,4,4,5,4
236,3,0,1,3,2,2,0,3,3,5,2,4,1,2,4,1,2,1,1,4,1,5,4,4,5,4,4,2,5,5
237,1,1,1,3,2,2,0,4,3,4,5,4,1,2,5,3,1,3,1,3,5,4,2,3,1,4,2,5,4,5
238,3,0,0,2,3,3,0,4,2,5,2,4,1,1,2,1,2,3,1,5,1,5,5,2,5,5,3,5,5,4
239,1,0,0,1,2,2,0,4,2,4,2,3,1,1,5,1,3,1,2,3,2,5,3,2,5,5,5,5,3,4
240,2,1,1,2,3,2,0,4,2,5,4,4,0,2,4,2,3,2,4,4,1,4,4,5,5,5,5,5,5,5
241,2,1,0,2,3,1,0,3,3,4,1,4,1,1,4,3,4,3,4,3,4,3,2,3,2,3,2,3,2,3
242,2,0,1,3,3,2,0,4,4,4,1,3,1,2,1,2,4,1,1,1,5,5,5,5,5,4,3,5,2,5
243,5,0,1,3,2,2,0,4,3,3,1,4,1,1,1,1,1,1,1,4,1,2,5,1,5,4,5,3,4,5
244,5,0,1,2,3,2,2,4,3,4,1,3,1,1,5,1,1,1,1,1,1,5,5,5,1,5,5,5,5,5
245,3,0,1,3,2,2,0,3,2,4,1,4,1,1,5,2,3,2,1,3,3,4,5,5,5,5,5,5,5,5
246,4,0,0,2,2,2,0,4,4,4,3,4,1,1,3,3,3,3,3,2,1,5,5,4,4,4,1,1,5,5
247,4,1,1,2,2,2,0,4,2,4,3,1,1,3,2,4,1,1,1,5,3,4,5,1,3,5,5,4,5,5
248,4,0,1,3,2,2,0,4,3,3,1,1,1,1,5,2,1,1,1,1,1,4,5,2,2,5,5,3,5,4
249,3,0,1,3,3,2,2,4,3,3,1,3,1,1,5,3,1,1,1,3,2,5,5,2,3,5,5,5,5,5
250,2,0,1,3,3,2,0,2,2,3,2,3,1,1,5,1,1,1,1,5,1,5,5,5,5,5,5,5,5,5
251,4,3,1,3,5,3,1,4,2,5,3,4,1,4,2,3,2,3,1,1,2,3,5,5,4,5,4,5,4,3
252,3,0,0,2,4,3,0,2,3,5,3,4,1,4,2,3,2,3,2,3,2,3,5,3,4,3,5,3,5,4
253,3,0,1,2,3,2,0,4,3,5,3,4,1,2,2,3,2,3,2,2,3,4,3,3,4,5,3,5,4,4
254,3,1,1,3,1,3,2,4,2,3,3,4,1,2,2,2,3,2,2,2,3,4,4,4,3,4,5,3,4,5
255,2,1,1,2,3,2,0,3,3,4,3,4,1,4,3,2,3,2,2,3,2,3,4,3,4,3,4,3,4,4
256,1,0,1,2,2,2,0,4,3,5,3,4,1,3,2,1,3,2,1,3,2,4,5,3,4,5,3,4,5,4
257,3,1,1,2,2,1,0,3,4,5,3,4,1,1,2,1,2,1,1,2,1,4,5,4,5,4,5,4,5,4
258,4,0,1,2,1,1,0,3,2,3,4,4,1,4,3,2,2,1,1,3,2,3,4,3,4,3,4,3,4,4
259,1,0,1,3,1,1,0,3,4,4,2,5,0,4,2,3,2,3,2,3,4,3,4,2,4,2,4,2,4,3
260,3,0,1,3,3,1,0,5,4,4,4,4,1,4,2,3,1,3,2,5,2,1,4,1,4,1,4,2,4,3
261,3,0,0,2,1,2,2,4,2,4,4,4,1,1,5,3,4,3,4,4,2,2,4,2,3,2,4,2,4,3
262,2,0,1,2,2,2,1,3,3,4,2,4,1,2,5,3,4,3,4,5,3,2,3,2,3,2,4,2,4,3
263,3,1,1,4,5,4,2,4,3,4,3,2,0,3,3,3,4,2,3,2,3,4,3,4,4,3,3,4,3,4
264,2,0,1,3,4,1,1,3,3,5,2,4,1,3,5,3,4,2,4,3,4,4,2,4,2,3,2,4,3,2
265,2,0,1,4,3,1,1,4,1,3,3,3,1,1,5,3,5,3,3,3,4,4,2,4,3,2,4,2,4,3
266,3,0,1,4,2,4,2,5,4,5,2,2,0,3,5,2,4,2,3,2,4,4,3,3,2,3,3,2,4,3
267,1,0,1,3,5,2,1,3,4,5,2,4,1,2,5,3,5,2,4,4,2,2,4,1,4,1,3,1,3,4
268,1,0,1,3,3,2,0,1,4,4,2,2,0,4,4,2,4,2,4,2,4,4,2,1,4,2,4,2,4,2
269,2,0,1,2,2,1,1,3,4,5,2,3,0,1,5,3,5,3,4,5,3,1,3,1,3,1,3,1,4,2
270,3,0,1,3,3,3,0,5,1,2,3,4,1,2,5,3,5,3,2,5,3,2,4,1,3,1,4,2,4,3
271,3,1,1,4,1,1,0,1,2,4,2,4,1,4,5,3,4,3,3,2,4,4,3,4,2,4,3,2,4,3
272,1,0,1,3,1,1,1,4,4,5,3,4,1,2,2,2,3,3,3,3,3,4,4,4,3,4,4,3,2,3
273,3,1,1,2,2,3,2,4,2,4,3,4,1,3,5,3,5,3,3,4,3,3,4,2,5,5,4,4,3,4
274,1,0,0,2,4,1,1,3,5,4,3,4,1,3,5,3,4,2,3,5,3,2,4,1,4,2,3,2,3,4
275,2,1,1,2,1,1,0,1,3,3,3,3,1,4,5,3,4,2,3,3,2,3,4,3,4,2,4,3,4,3
276,2,1,1,2,1,3,0,3,4,5,2,3,0,1,4,3,4,2,3,4,2,2,4,2,4,2,4,3,3,4
277,2,1,1,3,4,4,2,4,4,3,4,4,1,1,4,3,4,3,3,4,3,2,3,3,2,3,2,3,2,3
278,3,1,1,3,4,3,0,4,2,4,1,3,1,1,5,3,4,3,4,3,4,4,2,4,2,4,3,4,2,4
279,2,0,1,2,4,2,0,3,3,4,3,4,1,1,3,3,4,4,3,3,4,3,3,3,3,4,4,4,3,4
280,1,0,1,4,1,1,0,4,5,5,2,4,1,2,5,3,4,2,3,5,3,4,3,3,2,4,2,4,3,3
281,4,1,1,3,5,1,0,4,2,2,3,4,1,3,5,3,4,2,3,3,4,4,3,3,2,4,2,4,3,4
282,2,0,1,2,1,3,0,5,4,5,3,4,1,4,4,3,4,2,3,3,1,1,4,2,4,2,4,2,4,3
283,3,1,1,3,4,2,0,3,5,3,3,3,0,4,4,3,4,2,4,3,2,2,4,2,4,4,2,4,3,2
284,2,1,0,2,3,2,2,3,4,5,2,4,0,2,5,3,5,3,3,5,2,2,4,2,4,2,4,2,3,3
285,1,0,0,2,1,1,1,3,3,5,2,1,0,2,5,3,4,2,3,5,3,2,4,2,4,2,4,3,2,4
286,2,1,1,2,4,3,2,1,4,5,2,2,0,1,5,3,4,2,3,4,2,3,4,2,4,4,4,3,1,4
287,2,0,1,2,3,1,1,3,4,3,4,4,1,1,5,3,4,2,4,4,2,2,4,2,4,4,2,3,4,3
288,3,0,1,2,3,3,1,5,2,3,1,4,1,3,5,2,4,2,3,3,5,4,2,4,4,2,2,3,3,3
289,3,1,1,2,5,2,2,4,2,3,3,4,1,3,5,3,4,3,4,3,4,3,2,3,2,4,2,4,2,3
290,2,1,1,3,2,4,1,3,3,5,2,3,0,2,5,3,5,3,4,4,2,2,2,3,2,3,3,2,3,2
291,1,1,1,2,4,1,0,4,3,4,1,4,1,2,5,4,4,3,4,3,4,3,2,3,2,4,2,4,3,4
292,2,0,1,4,2,1,1,3,4,5,2,4,1,3,5,3,4,3,4,4,3,2,3,2,4,2,3,2,3,3
293,2,0,1,3,2,1,0,3,2,3,4,2,1,4,5,3,4,2,3,4,2,2,4,2,4,2,3,2,4,3
294,3,1,1,2,3,1,0,4,2,3,3,4,1,2,5,3,4,3,4,4,5,3,2,3,2,4,2,4,3,3
295,3,1,1,3,2,3,1,5,2,3,3,4,1,3,5,5,3,4,2,3,3,3,2,4,3,2,4,3,4,4
296,3,0,1,2,3,2,2,1,4,5,3,4,1,3,4,3,3,4,3,2,3,4,3,4,3,4,3,4,2,3
297,3,1,1,3,3,3,1,3,2,5,2,4,1,2,3,4,2,3,2,4,2,3,3,3,3,3,3,2,4,3
298,3,1,1,2,2,1,0,3,2,4,4,4,1,4,3,4,2,3,2,3,2,2,4,3,4,2,4,3,4,3
299,3,0,1,3,2,3,0,1,2,5,4,3,0,3,5,2,3,2,3,3,2,2,4,3,4,2,4,3,4,3
300,1,0,1,3,4,2,2,4,3,5,2,4,1,1,5,3,3,3,3,2,4,4,3,2,4,2,4,3,4,3
301,3,0,1,2,2,2,0,4,2,3,3,2,1,1,2,1,2,1,2,1,2,5,4,5,4,5,4,5,4,5
302,2,0,1,1,1,2,0,3,1,4,2,2,1,1,3,2,3,2,1,3,2,5,4,4,5,4,5,4,5,4
303,3,0,1,4,4,3,0,4,3,3,3,2,1,2,2,1,2,1,2,2,1,4,5,4,5,4,5,4,5,4
304,3,0,1,2,2,2,0,4,2,3,2,2,1,1,2,3,1,2,1,2,1,4,5,4,5,4,5,4,5,4
305,3,0,1,2,2,2,0,4,2,3,3,2,1,1,2,3,3,2,3,2,3,4,3,3,4,3,4,3,4,3
306,3,0,0,2,2,3,0,2,2,4,3,2,1,1,3,2,1,3,2,3,2,5,3,4,5,4,5,4,5,4
307,3,0,1,2,3,2,2,3,2,4,3,2,1,1,3,2,3,2,1,2,1,4,5,5,4,5,4,5,4,5
308,3,0,1,4,2,2,1,4,2,4,3,2,1,1,2,1,2,1,2,2,1,4,5,4,5,4,5,4,5,4
309,3,0,1,2,2,2,2,4,2,4,3,2,1,1,2,3,3,2,1,3,2,5,3,3,4,4,5,4,5,4
310,3,0,0,2,2,2,1,4,2,3,3,2,1,2,2,1,2,1,2,2,1,5,5,4,5,4,5,4,5,4
311,3,0,0,2,2,3,1,4,2,4,3,5,1,1,2,1,2,1,2,2,1,4,5,4,5,4,5,4,5,4
312,2,0,1,2,2,3,2,4,2,4,3,3,1,1,2,2,1,2,1,2,1,4,5,4,5,4,5,4,5,4
313,3,0,1,2,2,3,1,4,2,3,2,3,1,1,3,2,1,3,2,3,2,5,4,3,4,5,4,5,4,5
314,2,0,1,2,2,3,0,3,2,3,2,2,1,1,4,3,2,3,2,3,2,5,3,3,4,5,5,5,5,5
315,3,0,1,2,3,3,1,4,2,4,2,2,1,1,2,1,2,1,2,2,1,4,5,4,5,4,5,4,5,4
316,3,0,0,2,2,2,0,4,2,4,2,2,1,2,3,2,1,3,2,3,2,5,4,3,4,5,4,5,4,5
317,3,0,1,2,1,2,0,4,2,4,2,3,1,1,3,2,1,2,1,2,1,4,5,4,5,4,5,4,5,5
318,3,0,1,2,2,3,1,4,3,5,2,2,1,1,2,3,2,3,3,2,3,4,3,3,4,3,4,5,3,5
319,3,0,1,2,2,2,2,4,2,3,2,2,1,1,3,2,1,2,1,2,1,4,5,4,5,4,5,4,5,4
320,2,0,1,2,2,2,1,4,2,4,2,2,1,1,4,3,2,2,1,3,2,5,4,3,4,5,4,5,4,5
321,3,0,1,3,2,3,0,4,3,3,2,2,1,2,2,1,2,1,2,2,1,4,5,4,5,4,5,4,5,4
322,2,0,1,2,2,2,0,4,2,4,2,2,1,1,2,1,2,1,2,2,1,4,5,4,5,4,5,4,5,4
323,3,0,1,2,2,2,2,4,2,3,2,2,0,1,2,1,2,1,2,2,1,4,5,4,5,4,5,4,5,4
324,2,0,1,2,1,3,0,4,2,3,2,2,1,1,2,1,2,1,2,2,1,4,5,4,5,4,5,4,5,4
325,4,0,1,2,2,1,0,4,3,3,2,2,1,1,2,1,2,1,2,3,3,4,5,3,4,3,4,3,5,4
326,4,1,1,2,1,2,0,4,3,5,2,4,1,1,1,2,1,2,1,2,2,4,5,4,5,4,5,4,5,4
327,2,0,1,3,1,2,0,4,2,2,2,2,0,1,2,2,1,1,2,2,1,3,4,4,5,3,4,5,4,5
328,2,0,1,2,2,2,0,4,2,3,2,2,1,1,3,2,1,2,1,2,1,4,5,4,5,4,5,4,5,5
329,3,1,1,1,2,2,0,3,2,3,3,2,1,1,2,1,2,1,2,2,1,4,5,4,5,4,5,4,5,4
330,3,0,1,2,1,2,2,4,2,3,3,2,1,1,2,1,2,1,2,2,1,5,5,5,5,5,5,4,5,5
331,3,0,1,1,4,2,1,4,2,3,2,2,1,1,2,1,2,1,2,2,1,4,5,5,4,5,4,5,4,5
332,3,0,1,2,1,2,2,4,2,3,2,1,1,1,2,1,2,1,2,2,1,4,5,4,5,4,5,4,5,4
333,2,0,1,2,2,2,1,4,3,3,2,3,1,1,2,1,2,1,2,2,1,4,5,4,5,4,5,4,5,4
334,3,0,1,2,2,2,1,4,2,4,2,3,1,1,2,1,2,1,2,2,1,4,5,4,5,4,5,4,5,5
335,3,0,1,2,2,2,2,4,2,4,2,2,1,1,3,2,1,3,2,3,2,5,4,4,5,4,5,4,5,4
336,3,0,1,2,2,2,1,4,2,4,2,2,1,1,3,2,3,2,1,3,2,5,4,3,4,5,4,4,5,4
337,3,1,1,2,2,2,0,4,1,3,2,3,1,1,3,3,2,1,3,3,2,3,4,4,3,4,5,3,4,5
338,2,0,1,2,2,3,1,4,2,3,2,2,1,2,2,1,2,1,2,2,1,4,5,5,5,4,5,4,5,4
339,3,0,1,2,1,3,0,4,4,4,2,2,1,4,2,1,2,1,2,2,1,4,5,4,5,4,5,4,5,4
340,2,0,1,2,1,2,0,4,2,3,3,1,1,4,2,1,2,1,2,1,3,4,5,5,4,5,4,5,4,5
341,3,0,1,2,2,1,1,4,3,3,3,2,1,1,3,2,3,2,1,3,2,5,4,4,5,4,5,4,5,4
342,3,0,1,2,1,2,2,4,3,4,3,1,1,2,2,1,2,1,2,2,1,4,5,4,5,5,5,5,5,5
343,2,1,1,2,2,2,1,3,5,3,3,2,1,1,2,1,2,1,2,2,1,4,5,4,5,4,5,4,5,4
344,3,0,1,2,1,2,0,4,2,4,3,2,1,1,2,2,1,2,1,2,1,4,5,4,5,4,5,4,5,5
345,3,0,1,2,2,2,0,4,2,3,3,2,1,1,2,1,2,1,2,2,1,4,5,4,5,4,5,4,5,4
346,3,0,1,2,2,1,2,4,2,3,3,2,1,1,3,2,1,2,1,3,2,5,4,4,5,4,5,4,5,4
347,3,0,1,2,2,2,0,4,2,4,3,2,1,1,2,1,2,1,2,2,1,4,5,4,5,4,5,4,5,4
348,2,0,1,2,1,2,0,4,2,3,3,2,1,1,2,3,2,3,3,3,2,5,4,3,4,5,4,5,4,5
349,3,0,1,2,2,2,0,4,2,3,3,2,1,2,2,1,2,1,2,2,1,4,5,4,5,5,4,5,4,5
350,3,0,1,2,1,3,0,4,2,4,3,3,1,1,3,2,1,2,1,2,1,4,5,4,5,4,5,4,5,4
351,1,0,1,2,1,1,0,4,1,3,2,1,1,1,2,1,2,1,2,1,2,5,4,4,5,4,5,4,5,4
352,1,0,1,2,1,2,0,4,2,3,1,1,1,1,5,4,5,3,3,3,4,3,1,2,3,2,1,2,3,3
353,1,0,1,2,1,1,2,4,2,2,2,2,1,1,4,4,3,3,4,4,3,2,3,2,3,2,2,3,1,3
354,1,0,1,2,1,2,1,4,2,3,1,2,1,1,5,4,5,5,5,4,5,1,2,1,2,1,1,1,1,2
355,1,0,1,2,1,1,2,4,1,2,3,2,1,1,5,4,3,3,3,3,2,3,2,3,2,3,2,4,4,2
356,2,0,1,2,2,2,1,2,1,3,1,3,1,1,1,1,2,3,1,1,5,3,5,2,2,5,5,3,4,5
357,4,0,0,1,2,1,1,4,1,3,4,1,1,1,1,1,1,1,3,2,2,3,4,4,5,3,5,2,1,1
358,1,0,1,2,4,3,2,4,1,3,1,2,1,1,5,5,4,5,5,4,5,1,1,2,2,1,1,2,1,1
359,1,0,1,2,1,2,1,4,2,3,2,1,1,1,5,4,5,4,5,4,5,1,2,1,2,1,2,1,1,1
360,1,0,1,2,1,1,0,5,1,3,1,2,1,1,5,4,5,4,5,4,5,2,1,2,2,1,1,1,1,2
361,3,0,1,2,3,2,1,4,1,3,1,2,1,1,5,5,4,5,4,5,5,2,1,1,1,2,1,1,1,1
362,1,0,1,2,1,2,0,4,2,2,3,2,1,1,3,5,4,5,5,5,4,2,4,2,3,2,2,3,2,2
363,1,0,1,2,3,2,0,4,1,3,1,2,1,1,4,4,5,5,5,4,5,2,1,1,2,1,1,1,2,1
364,1,0,0,1,3,2,1,4,2,2,1,3,1,1,5,4,5,4,5,4,5,2,1,2,1,2,2,2,1,1
365,1,0,1,2,1,2,2,4,2,3,1,2,1,1,4,3,5,4,5,4,5,2,1,2,1,2,2,3,2,1
366,1,1,1,2,2,2,1,4,1,3,1,3,1,1,3,1,4,2,3,4,3,3,1,2,3,1,3,4,3,3
367,2,0,1,2,1,2,0,5,1,2,2,2,1,1,4,3,3,3,2,2,3,2,4,2,3,2,4,2,3,2
368,1,0,0,1,2,1,0,1,2,2,1,2,1,1,5,5,4,5,5,4,5,1,2,1,1,2,1,2,1,1
369,1,0,1,2,1,2,2,4,1,3,1,2,1,1,5,4,5,4,5,4,5,1,1,2,2,1,1,1,2,1
370,1,0,1,2,1,2,0,4,1,3,1,1,1,1,4,4,5,5,4,4,5,1,2,2,1,2,1,1,1,2
371,1,0,1,2,1,2,0,4,2,2,2,2,1,1,4,4,5,5,4,5,5,2,1,2,2,1,1,1,2,1
372,1,0,1,2,1,1,0,4,2,2,1,1,1,1,5,4,5,4,5,4,5,2,1,2,1,2,1,1,1,5
373,2,0,1,2,2,2,0,5,1,2,2,1,1,1,5,4,5,4,5,5,4,1,1,2,1,1,2,1,2,1
374,1,0,1,2,1,2,0,4,1,2,2,1,1,1,3,4,5,5,4,5,4,1,2,1,2,1,2,1,2,1
375,1,0,1,2,1,2,0,4,1,2,2,2,1,1,4,4,5,5,5,4,4,1,1,2,2,1,1,1,2,2
376,2,0,1,2,1,2,2,5,1,2,2,1,1,1,5,4,5,5,5,4,5,1,2,1,2,1,2,1,2,1
377,1,0,0,1,1,1,1,4,1,3,1,2,1,1,5,4,5,4,5,4,5,2,1,2,1,1,2,1,1,1
378,1,0,1,2,2,2,2,4,2,3,2,2,1,1,5,4,5,4,5,4,5,2,1,3,2,4,4,2,1,2
379,1,0,0,1,1,1,1,4,2,2,2,2,1,1,5,4,5,5,5,4,5,2,1,1,2,1,2,1,1,1
380,1,0,1,2,1,1,1,4,1,3,1,2,1,1,5,5,5,5,5,4,5,2,1,2,2,1,1,1,2,1
381,1,0,1,2,1,2,2,4,1,3,2,1,1,1,5,4,5,4,5,4,4,1,2,2,1,3,4,4,2,5
382,2,1,1,2,3,2,1,4,1,3,1,2,1,1,5,4,3,5,5,4,5,2,1,2,2,1,2,1,2,1
383,1,0,1,2,2,2,0,4,1,3,1,2,1,1,5,5,5,5,5,4,4,2,2,1,2,1,2,1,2,1
384,4,0,1,2,3,3,1,4,1,3,2,2,1,1,5,5,4,5,5,5,4,1,2,1,5,5,5,4,5,5
385,1,0,1,2,1,2,0,4,1,3,1,1,1,1,5,4,5,4,5,4,5,1,2,1,2,1,2,1,2,1
386,1,0,1,2,1,1,0,4,1,3,1,2,1,1,5,4,5,4,5,4,5,2,1,2,1,2,1,1,2,1
387,2,1,1,2,1,1,1,2,1,2,2,1,1,1,5,4,2,3,4,5,4,1,3,1,2,3,1,3,1,4
388,2,0,1,3,1,2,2,4,1,5,5,2,0,1,5,4,1,1,1,1,5,1,1,2,3,1,1,2,1,1
389,1,1,1,2,1,2,1,4,1,3,1,2,1,1,5,4,5,4,5,4,5,2,3,3,2,1,2,1,2,4
390,2,0,1,4,1,2,0,5,1,3,1,1,1,1,5,5,4,5,5,4,4,5,5,5,5,1,1,2,1,1
391,2,0,0,1,3,1,0,2,1,3,1,2,1,1,5,5,4,5,5,5,4,1,1,2,1,1,1,2,1,1
392,1,0,1,2,2,2,2,4,1,3,1,2,1,1,5,5,4,5,3,5,5,2,1,1,2,1,2,1,1,2
393,1,0,0,2,2,1,0,5,1,2,2,2,1,1,5,4,5,5,5,5,4,1,1,2,1,2,1,1,2,1
394,1,0,0,1,2,1,0,5,1,3,1,2,1,1,3,3,4,5,5,5,5,2,1,1,1,2,1,1,1,1
395,2,0,1,2,1,1,0,5,1,2,3,4,1,1,5,4,5,3,3,4,4,1,3,2,1,1,2,1,4,4
396,3,0,1,3,4,3,0,4,1,2,1,4,1,1,1,1,2,3,1,4,4,3,2,1,1,2,1,4,5,4
397,1,0,1,2,4,4,0,4,1,3,1,3,1,1,5,4,5,3,3,5,4,1,2,2,1,2,1,2,1,2
398,1,0,1,2,1,1,0,4,1,3,1,1,1,1,5,1,1,4,5,5,4,1,3,1,2,1,3,2,4,1
399,1,0,1,2,2,1,2,4,1,4,1,2,1,1,5,4,5,5,4,5,4,1,2,1,1,2,1,2,1,2
400,2,0,1,2,1,2,1,4,1,3,1,1,1,1,4,3,3,3,4,5,4,2,3,2,2,1,2,2,1,1
401,3,0,1,3,3,3,2,4,2,4,2,5,1,1,2,1,2,1,2,2,2,4,4,5,4,4,5,5,4,4
402,3,0,0,1,2,2,1,3,2,3,3,4,1,1,2,1,2,1,2,1,2,5,4,5,4,5,4,5,4,4
403,3,0,1,2,3,2,1,3,2,3,2,3,1,1,2,1,2,1,2,1,2,5,4,5,4,5,4,5,4,4
404,2,0,1,2,3,2,2,3,2,4,2,5,1,1,2,1,2,2,1,2,2,5,5,4,4,5,4,5,4,5
405,3,0,1,2,4,2,1,3,2,3,2,4,1,1,2,1,2,1,2,1,2,4,5,4,5,4,5,4,5,4
406,2,0,1,1,2,2,0,3,3,4,2,4,1,1,2,1,2,1,2,2,1,4,5,4,5,4,5,4,5,4
407,3,0,1,2,3,2,1,2,2,3,3,4,1,2,2,1,2,1,2,1,2,5,4,4,5,4,5,4,5,4
408,3,0,1,2,3,2,0,4,2,4,2,4,1,1,2,2,1,2,1,2,1,4,5,4,5,4,5,4,5,4
409,3,0,1,2,4,3,0,2,3,4,2,3,1,1,2,1,2,1,2,2,1,4,4,4,5,4,5,4,5,4
410,3,1,1,2,4,4,1,2,4,5,2,5,1,2,2,3,1,2,2,2,2,4,4,4,5,4,5,4,5,4
411,3,0,1,2,3,3,2,2,4,5,3,5,1,1,2,1,2,1,2,1,2,5,4,5,4,5,4,5,4,4
412,3,0,1,2,3,2,1,4,3,4,2,5,1,4,2,1,2,1,2,2,1,4,4,5,4,5,4,5,4,4
413,4,0,1,2,3,2,0,3,3,3,3,5,1,4,2,2,3,2,2,2,1,4,4,4,5,4,5,4,4,4
414,2,0,1,2,3,2,0,3,2,3,3,4,1,1,2,1,2,1,2,1,2,5,4,5,4,5,5,5,4,4
415,2,1,0,2,3,3,2,3,3,4,2,5,1,2,2,1,2,2,2,1,2,4,3,5,4,5,4,5,4,4
416,2,0,1,2,3,2,0,3,3,4,2,5,1,2,2,2,1,2,2,1,1,5,4,5,4,5,4,5,4,4
417,3,0,1,2,3,2,0,4,2,3,2,5,1,1,2,2,1,2,1,2,1,4,5,4,5,4,5,4,5,4
418,2,0,1,2,3,3,0,3,3,4,2,4,1,4,2,2,1,2,2,1,2,5,4,5,4,5,4,5,4,4
419,4,0,1,2,3,2,0,4,2,5,3,3,1,1,2,1,2,1,2,1,2,5,4,5,4,5,4,5,4,4
420,3,0,1,2,3,2,0,4,2,4,2,5,1,1,2,1,2,1,2,2,1,4,5,4,5,4,5,4,5,4
421,3,0,1,2,4,4,0,2,3,4,2,4,1,2,2,1,2,1,2,1,2,4,4,5,5,5,4,4,4,4
422,2,0,1,2,1,1,2,4,2,3,3,3,1,1,2,2,1,1,2,1,1,4,5,4,5,5,5,5,4,4
423,2,0,1,2,2,2,1,3,2,4,2,4,1,1,2,2,1,2,1,2,2,4,5,4,4,4,4,4,4,4
424,3,0,1,2,4,3,2,3,2,4,2,4,1,4,2,2,1,2,2,2,2,4,4,4,4,4,5,4,5,4
425,2,0,1,2,3,2,1,3,2,4,2,4,1,1,2,3,2,1,2,2,1,4,4,5,4,4,4,4,5,5
426,3,0,1,2,3,2,1,4,3,4,2,4,1,1,2,2,2,2,2,2,2,5,4,4,5,4,5,4,4,4
427,2,0,0,2,3,2,2,2,2,3,3,4,1,3,2,2,1,2,2,1,2,5,4,5,4,5,5,3,4,4
428,2,0,1,2,4,3,1,3,2,3,2,5,1,1,2,2,1,2,2,2,2,5,4,5,5,4,5,4,5,4
429,2,0,1,2,3,3,0,3,2,3,2,4,1,4,2,2,2,2,1,1,2,5,4,5,4,5,4,5,4,4
430,2,0,1,2,3,3,1,3,2,4,3,5,1,1,2,1,2,1,2,1,2,5,4,5,4,5,4,5,5,5
431,2,0,1,2,3,2,0,3,2,4,2,5,1,2,2,3,2,2,1,1,2,5,4,5,4,5,4,3,5,4
432,2,0,1,2,3,2,0,4,2,3,2,5,1,4,2,2,2,2,2,2,2,3,4,3,4,4,4,5,4,4
433,3,0,1,2,2,2,1,2,3,4,2,4,1,1,2,2,1,2,1,2,2,5,4,4,5,4,4,5,4,4
434,3,0,0,1,2,1,2,2,2,3,3,4,1,1,2,1,2,1,2,2,2,5,4,4,4,4,4,4,5,4
435,4,0,1,2,4,3,1,2,2,4,3,5,1,1,2,1,2,1,2,1,2,5,4,5,4,5,4,5,4,5
436,3,0,1,3,4,4,0,2,2,2,2,5,1,3,2,1,2,1,1,1,1,5,5,5,4,5,4,5,4,5
437,2,0,1,2,3,2,0,3,2,4,2,4,1,4,3,2,2,1,2,2,2,5,4,5,4,4,4,4,4,5
438,2,0,1,2,3,2,2,4,2,4,3,5,1,4,2,1,2,2,2,2,2,4,5,5,4,4,4,4,4,4
439,4,0,1,2,3,2,0,3,2,3,3,5,1,3,2,2,1,2,2,1,2,5,4,5,4,4,4,5,4,3
440,3,0,1,4,3,2,0,4,3,3,2,3,1,1,2,2,2,2,1,2,1,4,5,4,5,4,5,4,5,4
441,3,0,1,4,3,2,0,2,4,5,3,3,1,1,2,1,2,1,2,1,2,5,4,5,4,5,4,5,4,5
442,5,0,0,2,4,3,0,4,2,3,2,5,1,1,2,1,2,1,2,1,2,5,4,4,5,4,5,4,4,4
443,3,0,1,2,3,2,0,3,2,3,3,3,1,1,3,2,2,2,2,1,2,5,4,5,4,5,4,5,4,4
444,4,0,1,3,5,2,0,3,2,3,3,5,1,4,3,3,2,2,1,2,1,4,5,4,5,4,5,4,4,4
445,2,0,1,2,2,2,2,4,2,3,2,5,1,1,2,3,2,1,2,2,2,5,4,3,4,3,4,5,4,3
446,3,0,1,2,2,3,1,3,2,3,2,5,1,1,2,2,2,2,1,2,1,4,5,5,4,5,5,5,5,5
447,3,0,1,2,1,1,2,3,2,3,2,5,1,1,3,2,1,2,3,2,3,4,5,4,4,5,5,4,4,4
448,2,0,1,2,1,1,1,4,2,2,2,2,1,1,5,4,4,5,4,4,3,2,3,2,3,3,4,4,4,2
449,3,0,1,4,1,2,1,4,2,4,4,2,1,1,1,1,1,2,1,1,2,5,4,5,4,4,5,4,5,4
450,3,0,1,2,3,2,2,3,2,3,2,4,1,1,2,1,2,1,1,2,2,5,5,4,4,5,5,5,5,4
451,3,0,1,2,3,3,1,2,2,4,5,3,1,1,3,2,1,2,1,1,1,5,4,5,4,3,5,5,5,4
452,2,1,0,2,2,2,0,4,3,4,2,2,1,1,1,2,1,1,3,1,1,4,2,5,5,5,5,4,5,4
453,3,1,1,2,2,2,1,3,2,3,3,4,1,1,4,1,5,1,1,3,2,5,4,5,5,4,2,5,4,4
454,2,1,1,3,3,2,0,4,3,5,2,2,1,1,2,2,2,2,2,1,2,5,5,5,2,5,3,5,5,5
455,2,1,0,3,3,3,0,3,3,4,2,3,1,1,3,1,2,2,1,1,1,5,4,4,3,5,5,5,5,5
456,2,0,0,3,3,3,1,4,3,5,3,3,1,4,3,1,1,2,1,1,1,4,3,5,5,5,5,4,4,4
457,2,0,1,2,2,3,2,4,2,5,4,3,1,1,5,1,1,1,1,1,3,3,5,4,5,5,5,2,5,4
458,2,0,1,2,2,2,1,4,2,3,1,2,1,1,1,1,1,1,2,1,1,3,3,5,5,5,5,4,4,3
459,3,1,1,3,4,2,0,3,2,4,2,2,1,4,3,1,1,1,3,1,3,5,3,4,5,5,5,2,5,5
460,3,1,1,3,3,2,0,3,3,4,3,3,1,1,1,1,2,4,1,1,1,5,4,5,5,5,3,5,5,5
461,3,1,0,3,3,2,2,3,3,4,3,1,1,1,4,1,1,2,1,1,1,5,5,5,5,1,5,5,5,5
462,2,1,1,2,3,2,0,4,2,3,2,2,1,1,1,1,1,2,1,1,2,2,5,5,5,2,4,5,5,4
463,3,1,1,2,2,2,0,3,3,4,2,3,1,1,5,1,3,1,1,1,1,5,5,5,4,5,5,4,1,5
464,3,1,1,3,2,2,0,3,2,4,3,3,1,1,5,1,1,2,1,2,1,5,3,5,2,5,5,5,4,3
465,1,1,1,2,3,2,0,4,1,3,3,3,1,3,1,5,5,3,1,3,1,5,4,3,5,3,5,5,4,5
466,4,1,1,2,3,2,0,3,4,4,4,3,1,1,5,5,3,3,3,4,2,4,3,5,5,3,5,4,5,2
467,2,0,1,2,2,2,0,2,2,4,4,4,1,3,5,1,3,1,1,3,2,4,5,5,5,4,5,1,5,5
468,3,1,1,2,2,2,2,3,3,5,3,4,1,1,1,2,1,1,2,1,1,4,1,5,5,5,5,4,4,1
469,3,0,1,2,2,2,1,4,3,4,3,4,1,1,5,1,1,1,1,1,3,5,5,1,5,5,5,4,5,5
470,3,1,1,3,3,2,2,3,3,3,3,2,1,1,1,5,1,1,1,1,2,4,5,5,3,5,4,5,1,5
471,4,0,1,2,2,2,1,3,3,4,4,3,1,1,1,3,1,1,2,3,2,5,5,5,4,5,5,5,5,5
472,3,0,1,2,3,2,1,3,2,5,3,3,1,1,5,1,1,1,2,2,1,5,4,5,5,5,1,5,5,4
473,4,1,0,3,3,3,2,3,4,4,4,3,1,1,2,5,1,1,1,3,1,5,5,5,1,4,5,5,5,4
474,2,1,1,3,2,2,1,3,3,5,5,1,1,1,5,1,1,1,1,1,1,3,5,5,3,5,1,2,5,5
475,3,0,0,1,3,1,0,3,3,5,3,4,1,1,5,1,1,1,1,1,1,4,3,5,3,5,5,3,5,1
476,2,1,1,3,2,2,1,4,3,4,3,3,1,1,5,1,1,1,1,4,1,5,5,5,5,5,3,1,5,5
477,3,0,1,2,2,2,0,3,2,4,3,2,1,1,5,1,1,1,1,1,4,4,5,5,5,3,1,5,5,3
478,4,1,1,2,3,2,0,4,2,2,3,3,1,1,5,1,2,1,1,5,1,3,5,5,5,5,4,5,4,5
479,4,0,1,3,2,2,1,3,3,4,2,4,1,1,5,1,3,1,3,3,5,5,5,5,4,1,5,3,5,4
480,4,1,1,3,4,3,2,4,3,4,4,1,1,1,5,1,3,1,1,1,3,5,5,1,4,5,5,5,4,5
481,4,0,1,2,2,2,1,4,4,4,4,4,1,1,5,1,1,1,2,5,1,5,5,3,5,5,5,4,3,5
482,3,1,1,3,1,2,0,4,4,4,4,3,1,1,5,1,1,1,1,3,1,4,5,1,5,5,5,5,4,3
483,3,1,1,1,2,1,0,4,4,5,4,1,1,1,5,1,1,1,1,2,1,5,5,5,5,1,5,3,5,4
484,2,1,1,3,1,2,2,4,2,4,3,2,1,1,5,1,1,3,1,5,1,5,4,1,5,3,5,3,4,5
485,2,0,0,2,4,3,0,3,3,4,4,3,1,1,5,1,3,1,1,5,1,5,5,1,5,5,5,3,5,5
486,3,0,1,3,1,2,0,4,3,4,3,3,1,1,5,1,1,1,1,4,1,5,3,5,5,5,2,5,5,5
487,2,1,1,2,2,2,0,3,2,4,3,3,1,1,5,1,1,1,1,5,1,5,5,2,1,5,5,3,3,5
488,4,1,1,2,3,2,0,4,4,4,4,4,1,1,5,1,1,1,1,1,3,5,5,5,1,5,5,5,5,5
489,4,0,1,3,1,2,0,3,3,5,4,2,1,1,5,1,1,1,1,3,2,4,5,1,5,5,5,3,5,5
490,4,1,1,2,2,2,0,2,3,5,3,3,1,1,5,1,1,1,1,2,1,5,5,5,5,5,5,5,4,5
491,2,0,0,2,3,2,2,3,2,4,3,3,1,1,5,1,3,3,1,1,4,4,2,5,3,5,5,5,5,4
492,3,1,0,1,3,2,1,2,4,4,3,3,1,1,5,1,1,1,2,3,1,5,5,5,5,4,5,5,5,5
493,3,0,0,2,2,2,2,4,3,5,3,3,1,1,5,2,1,2,1,1,1,5,5,5,5,5,5,5,5,4
494,4,1,1,1,2,2,1,3,3,4,4,3,1,1,5,3,1,3,2,3,1,5,5,5,5,5,4,5,5,5
495,3,0,1,1,2,2,1,3,5,4,3,3,1,1,5,2,1,2,1,1,1,5,5,3,5,5,5,5,4,3
496,2,0,1,2,2,2,2,2,3,4,3,4,1,1,5,4,1,2,2,1,1,5,5,5,4,5,5,3,5,5
497,2,1,1,2,2,2,1,4,4,4,3,4,1,1,5,2,1,1,1,1,1,5,5,1,5,5,5,5,4,5
498,4,1,1,2,2,2,0,4,4,5,3,3,1,1,5,1,1,1,2,2,5,5,4,1,5,4,5,5,4,3
499,2,0,1,3,2,2,1,4,3,3,3,4,1,1,5,2,1,1,1,2,1,5,5,1,2,5,5,5,5,5
500,3,0,0,2,2,2,0,3,3,4,2,3,1,1,5,1,1,1,1,1,3,5,5,1,5,5,5,5,5,4
501,3,0,1,3,3,2,0,4,4,5,3,3,0,4,3,3,2,2,3,2,2,3,3,4,4,3,3,4,4,3
502,5,1,1,2,3,2,0,5,2,3,4,2,0,4,2,2,3,3,2,2,2,3,3,4,4,5,4,4,3,4
503,3,0,1,3,3,2,0,4,5,3,4,4,0,2,3,3,2,2,3,2,2,3,3,5,4,4,3,4,5,4
504,3,0,1,3,3,2,2,4,3,4,4,3,0,2,2,2,3,3,2,3,3,4,4,3,4,3,4,4,3,3
505,3,0,0,1,1,1,0,3,5,5,3,3,0,4,3,3,2,2,3,1,2,3,4,5,4,3,4,5,4,3
506,2,0,1,4,1,2,1,4,5,4,1,3,0,3,3,2,2,3,3,3,3,4,4,4,4,3,4,4,3,3
507,1,0,1,3,1,1,0,3,4,4,2,3,0,1,3,2,3,1,3,3,2,4,3,4,3,4,3,3,4,4
508,1,0,1,2,3,1,0,4,4,5,2,4,1,4,3,2,1,3,1,3,1,4,3,3,4,3,4,5,3,5
509,1,0,1,3,1,1,0,3,5,5,2,3,0,4,3,2,2,3,2,2,1,3,4,3,4,3,3,3,4,3
510,2,1,1,2,2,2,1,4,3,4,3,3,0,4,3,2,3,2,3,3,3,4,4,4,3,4,3,4,3,3
511,2,0,1,2,1,2,0,3,3,5,2,3,0,1,3,2,2,2,3,3,3,4,4,3,3,4,4,3,4,3
512,4,1,1,3,1,1,0,3,4,5,3,4,0,2,3,2,2,3,2,3,3,4,4,4,3,4,3,3,4,3
513,3,0,1,2,2,2,1,3,4,5,3,4,0,3,3,3,2,3,2,3,2,5,5,3,5,5,3,3,4,4
514,3,0,1,3,5,2,1,4,4,4,3,3,0,3,3,2,2,3,2,2,1,4,3,4,4,3,4,5,4,3
515,3,1,1,3,1,2,0,5,2,4,3,3,0,1,3,2,2,3,3,2,2,3,3,5,5,3,4,5,4,4
516,2,0,1,3,2,2,0,3,4,3,4,3,0,3,3,3,2,3,2,2,3,4,3,4,4,3,3,4,4,3
517,2,1,1,2,3,2,1,4,4,4,4,3,0,2,3,2,1,3,2,3,3,4,3,4,3,3,4,3,3,4
518,4,0,0,2,3,2,1,5,2,4,2,4,0,4,3,2,2,1,1,1,1,3,3,4,5,4,4,4,5,4
519,4,0,1,3,4,3,1,5,3,4,4,4,1,1,3,2,2,3,3,2,2,3,3,5,5,3,3,4,3,4
520,5,1,1,2,4,3,1,5,2,4,4,4,1,2,3,3,2,2,3,1,1,4,3,5,4,3,5,3,5,3
521,4,0,1,3,3,2,0,5,2,3,4,5,0,4,2,2,3,3,3,3,3,4,4,5,5,5,5,4,5,4
522,3,1,0,2,1,1,0,2,5,2,4,3,0,2,3,1,3,3,2,2,2,4,3,4,4,3,3,3,4,3
523,1,0,1,3,2,2,0,3,4,3,4,3,0,3,3,2,1,2,3,3,2,5,4,4,5,4,3,5,4,3
524,1,0,1,3,1,1,0,4,2,4,1,2,1,3,5,4,3,2,1,3,2,3,2,2,3,4,2,3,4,3
525,2,1,1,4,1,1,0,1,5,2,4,4,0,4,3,2,1,2,3,3,2,5,4,3,4,5,4,3,4,4
526,1,0,1,2,3,2,1,4,1,3,2,3,1,1,4,3,4,3,2,3,4,3,2,3,4,2,3,4,5,3
527,4,0,1,2,3,2,1,1,5,5,4,3,0,1,2,1,2,3,3,2,1,3,5,4,5,4,3,4,5,3
528,1,0,1,1,2,1,1,4,1,3,1,3,1,1,5,4,4,3,2,4,3,2,4,2,1,3,4,3,3,2
529,4,0,1,2,3,2,1,4,3,4,4,3,1,1,2,3,1,3,2,2,2,3,4,4,3,4,4,5,4,4
530,3,0,1,4,1,1,0,3,4,4,5,3,0,2,3,1,3,1,2,1,2,4,3,5,4,3,4,4,3,3
531,3,0,0,2,2,1,0,5,4,3,4,3,0,3,3,2,3,1,3,2,1,3,5,5,5,3,3,4,4,3
532,4,0,1,3,3,2,1,4,3,4,2,3,0,4,3,2,3,1,2,2,3,5,3,4,3,5,3,5,3,4
533,2,0,1,4,2,1,0,3,4,5,3,3,0,4,3,2,3,1,2,3,1,3,5,5,4,3,5,4,4,5
534,2,0,1,2,1,1,0,3,4,5,2,3,0,2,3,1,3,2,2,2,3,5,4,4,5,3,4,5,3,4
535,2,0,1,2,3,1,0,1,4,4,4,4,0,2,3,1,2,3,1,1,2,3,4,4,3,5,3,4,5,4
536,2,0,1,3,3,2,0,4,4,5,3,3,0,1,3,1,1,3,2,1,1,3,3,5,5,3,4,4,3,3
537,3,0,1,3,3,2,0,5,4,5,3,3,0,1,3,2,3,1,2,3,1,3,4,3,5,4,3,5,3,4
538,3,1,0,2,2,1,0,4,4,4,3,3,0,3,3,2,2,1,2,2,3,5,3,3,4,5,4,5,4,3
539,3,1,1,4,1,2,0,5,4,5,3,3,0,3,2,3,1,3,2,2,3,4,3,5,5,3,3,4,3,4
540,2,1,1,4,1,1,0,1,5,4,4,3,0,2,3,2,1,2,3,3,2,5,3,3,4,4,3,3,4,3
541,3,1,1,2,3,2,1,5,2,4,4,4,1,2,3,3,2,2,1,1,2,3,4,4,3,5,3,3,3,5
542,3,0,1,3,1,2,1,4,2,5,3,3,0,3,3,2,3,2,2,2,1,4,3,4,3,3,5,5,4,3
543,4,1,1,2,3,3,1,4,2,4,4,3,0,4,3,3,2,2,1,1,1,3,3,4,3,4,3,3,3,4
544,4,0,1,4,1,1,0,5,3,4,5,4,0,2,3,3,2,3,2,3,2,5,4,5,3,5,4,4,3,5
545,2,0,1,2,3,2,0,1,4,5,3,3,0,3,3,2,1,2,1,3,1,3,4,4,5,3,4,3,5,3
546,3,0,1,3,3,2,0,5,2,5,3,4,0,3,3,2,1,1,2,1,1,3,3,5,3,5,3,4,4,3
547,3,0,1,4,2,2,0,5,4,5,3,3,0,2,2,3,2,3,3,3,2,3,3,3,3,4,3,3,4,4
548,3,0,1,2,3,2,1,4,3,5,3,3,0,4,3,2,1,3,2,3,2,5,3,3,4,5,4,5,4,5
549,2,0,1,2,2,1,1,5,4,5,3,3,0,3,3,2,3,2,1,3,2,3,5,3,4,5,3,4,3,4
550,2,0,1,3,2,1,1,5,4,5,3,3,0,1,3,2,3,2,3,1,2,3,4,3,4,3,4,5,3,4
551,2,0,1,2,3,2,1,4,3,4,2,5,1,1,2,2,2,3,2,2,3,4,3,4,4,3,5,4,5,4
552,2,1,1,4,1,2,0,3,2,3,2,4,1,1,2,2,2,1,2,2,1,4,5,4,5,4,5,4,5,4
553,3,0,1,2,4,3,0,4,2,4,2,4,1,2,3,3,2,2,3,2,1,4,5,4,4,4,2,4,4,3
554,2,0,1,2,3,2,1,3,3,4,2,4,1,1,2,1,2,1,2,2,1,4,5,4,5,4,5,4,3,4
555,3,0,0,2,4,3,0,4,2,3,2,4,1,1,2,1,2,1,2,1,2,5,4,5,4,5,4,5,4,4
556,4,0,1,2,2,3,1,3,2,4,2,4,1,1,2,1,2,1,2,1,2,5,4,5,4,5,4,5,4,4
557,3,0,1,2,1,2,0,4,2,3,2,4,1,1,2,1,2,1,2,1,2,5,4,5,4,5,4,5,4,5
558,2,0,0,2,2,2,1,3,2,3,2,4,1,1,2,1,2,1,2,2,1,4,5,4,5,4,5,4,5,4
559,2,0,1,2,2,2,1,3,2,3,2,4,1,1,2,1,2,1,2,1,2,5,4,4,5,4,5,4,5,4
560,2,0,0,2,2,2,1,3,2,3,2,4,1,2,2,2,2,3,2,2,2,4,4,4,4,4,5,5,5,4
561,2,0,1,2,5,2,1,3,2,4,2,2,1,1,2,1,2,1,2,1,2,5,5,4,4,5,4,5,4,5
562,2,1,1,2,2,2,1,3,2,4,2,4,1,1,2,2,1,2,1,2,1,4,5,4,5,5,5,4,5,4
563,2,0,1,2,3,2,1,2,2,3,2,5,1,1,2,1,2,1,2,1,2,5,4,5,4,5,4,5,4,5
564,2,0,1,2,2,2,1,3,2,3,3,5,1,1,2,2,1,2,2,1,2,5,4,5,4,5,4,5,4,5
565,2,0,1,2,4,2,1,3,2,3,2,4,1,1,2,1,2,1,2,1,1,4,4,4,4,4,5,5,4,4
566,2,0,1,2,3,2,1,4,2,3,2,3,1,2,1,2,2,2,2,2,2,4,5,5,4,3,4,4,3,4
567,2,0,1,2,3,2,1,4,3,4,2,4,1,1,2,3,2,2,2,2,2,5,3,4,5,4,5,4,5,4
568,3,0,1,2,2,2,1,4,4,3,3,5,1,1,2,2,1,1,2,2,3,4,4,3,4,4,3,4,4,4
569,2,1,1,2,3,2,1,3,2,3,2,4,1,1,2,2,1,2,2,2,1,4,5,4,5,4,5,4,5,4
570,2,0,1,2,3,2,1,3,2,3,2,5,1,1,2,1,2,1,2,1,2,5,4,4,5,4,5,4,5,4
571,2,0,1,2,3,2,1,3,2,3,2,5,1,2,1,2,1,2,1,2,1,4,5,4,5,5,5,4,4,4
572,3,0,1,1,2,2,1,4,3,3,3,5,1,1,2,1,2,2,3,1,2,5,4,5,4,3,5,4,4,4
573,4,0,1,2,3,2,2,4,3,4,3,5,1,1,2,2,1,3,2,2,3,4,3,4,3,4,3,4,3,4
574,3,0,1,2,4,2,1,4,2,4,3,3,1,1,2,1,2,1,2,2,2,5,4,5,4,5,4,5,4,4
575,3,0,1,2,3,2,1,4,2,3,2,5,1,1,1,2,1,2,1,2,1,4,5,4,5,4,5,4,5,4
576,2,0,1,2,3,2,1,3,3,4,2,5,1,1,2,1,2,1,2,1,2,5,4,5,4,5,4,5,4,4
577,2,0,1,2,2,2,1,3,3,4,2,4,1,1,2,1,2,1,2,1,2,5,4,3,4,3,4,3,4,4
578,2,0,1,2,2,2,1,3,3,4,2,5,1,1,2,1,2,2,2,2,1,4,5,4,5,4,5,4,5,4
579,2,0,1,2,4,3,1,3,2,3,3,5,1,1,2,1,2,1,2,1,1,5,4,5,4,5,4,5,4,3
580,2,0,0,2,3,2,1,4,3,4,3,5,1,1,2,2,1,1,1,1,1,5,4,5,4,5,4,4,4,5
581,3,1,0,2,3,2,1,4,3,3,3,5,1,1,2,1,2,1,2,1,2,5,5,4,3,4,5,3,4,5
582,3,1,0,2,3,2,1,4,3,4,2,5,1,1,2,1,2,3,2,2,3,3,4,3,3,4,5,4,5,4
583,3,0,1,3,4,3,2,4,2,4,2,5,1,1,3,2,3,2,1,2,1,4,5,4,5,4,5,4,5,4
584,3,0,0,2,4,3,2,4,3,4,3,5,1,1,2,3,2,1,2,3,2,3,4,4,3,4,3,4,3,4
585,2,0,1,2,3,2,1,3,2,3,2,5,1,1,2,3,2,3,2,3,2,3,4,4,4,5,5,4,4,4
586,2,0,1,2,2,2,1,3,3,3,2,5,1,1,2,3,2,2,3,2,2,5,4,5,4,5,4,5,4,5
587,2,1,0,2,3,2,1,4,3,3,2,5,1,1,2,1,2,2,1,2,1,4,5,4,5,4,5,4,5,4
588,3,0,1,2,3,2,1,4,3,4,2,5,1,2,2,3,2,2,3,2,2,3,4,4,3,4,3,3,4,3
589,2,0,1,2,3,2,1,3,3,4,2,5,1,4,2,1,2,2,2,2,2,3,3,4,3,5,4,5,4,3
590,2,0,1,2,3,2,1,3,3,4,2,5,1,4,3,2,3,2,1,2,1,5,4,4,4,5,3,4,4,4
591,2,0,1,2,3,2,1,3,3,4,2,5,1,1,2,1,2,1,2,1,2,5,4,4,5,3,4,3,4,4
592,2,0,1,2,3,2,1,3,3,4,2,5,1,2,1,1,2,1,2,1,2,5,4,5,4,5,4,5,4,3
593,3,0,1,2,3,2,1,3,2,3,3,5,1,1,2,1,2,1,2,2,1,4,5,4,4,5,4,5,4,5
594,3,0,1,2,3,2,1,4,3,4,3,3,1,1,2,1,2,1,2,1,2,5,4,5,4,5,4,5,4,5
595,3,0,1,3,3,2,1,4,3,4,2,5,1,1,2,2,1,2,2,2,1,4,4,4,5,4,5,4,5,4
596,3,0,1,2,3,3,1,3,3,3,2,4,1,1,1,2,1,2,1,2,1,4,5,4,4,3,4,3,4,3
597,3,1,0,2,3,2,1,3,3,3,3,4,1,1,3,2,2,1,2,2,1,4,5,4,5,4,5,4,5,4
598,3,0,1,2,3,2,1,4,3,4,2,5,1,1,2,1,2,1,2,2,1,4,5,4,5,4,5,4,5,4
599,2,0,1,3,1,1,0,4,3,4,5,5,1,2,5,1,2,1,1,5,1,5,4,5,1,5,5,3,5,3
600,3,0,1,2,3,2,1,4,3,4,2,5,1,1,2,2,2,1,2,2,2,3,4,4,5,4,4,5,4,4
601,2,0,1,2,1,1,2,5,1,4,2,2,1,1,2,1,2,2,2,2,1,4,5,4,5,4,5,4,5,4
602,2,0,1,2,3,2,1,4,3,4,2,5,1,1,2,2,1,2,1,2,1,4,5,4,5,5,5,4,4,3
603,3,0,1,2,3,2,1,4,2,3,2,5,1,1,2,1,2,1,2,1,2,4,5,4,4,3,4,4,5,4
604,1,0,1,1,3,1,1,4,1,3,1,4,1,1,5,4,3,4,3,3,4,3,2,3,2,3,4,2,3,4
605,1,0,1,1,1,1,1,4,1,2,2,4,1,1,5,4,5,3,5,4,3,1,3,2,3,3,2,1,3,2
606,2,0,0,2,2,2,0,5,1,4,2,2,1,1,5,4,4,5,3,5,3,2,3,3,4,3,5,4,3,5
607,3,0,1,2,2,2,1,1,1,2,2,2,1,1,3,4,5,3,2,3,2,4,2,3,4,2,3,4,5,3
608,3,0,0,2,3,1,0,3,1,3,3,3,1,1,4,3,2,4,2,3,2,3,5,2,3,4,4,5,4,2
609,1,0,1,2,2,1,1,4,1,3,2,2,1,1,2,2,2,2,2,1,1,5,5,3,3,3,3,3,3,3
610,2,0,1,1,1,1,1,5,1,2,2,4,1,1,5,4,3,4,3,4,3,2,4,2,3,2,3,4,5,5
611,3,0,1,4,1,2,0,3,1,3,1,3,1,1,1,1,3,2,2,3,1,4,3,4,3,3,3,4,5,2
612,2,1,1,2,1,1,0,4,1,4,2,3,1,1,2,1,2,3,4,4,3,4,2,2,4,4,3,2,3,4
613,2,0,1,2,2,2,1,4,1,3,3,2,1,1,4,3,2,3,2,4,3,4,3,3,4,4,5,3,4,2
614,3,1,1,2,1,1,0,1,1,3,1,2,1,1,2,3,2,3,1,3,4,4,2,2,3,4,2,3,4,5
615,2,0,1,2,2,1,1,4,1,2,2,2,1,1,4,3,2,3,2,3,4,4,2,3,5,3,3,4,3,5
616,4,0,1,2,2,1,0,4,1,2,2,3,1,1,4,3,4,2,3,1,2,3,2,3,4,3,2,4,3,5
617,1,0,1,1,1,2,1,4,1,3,1,2,1,1,5,4,3,2,4,4,3,2,3,3,2,3,2,4,4,5
618,2,0,1,1,1,2,1,5,1,2,2,3,1,1,4,3,4,5,3,4,3,2,3,1,2,3,2,1,2,3
619,1,0,1,1,1,2,1,4,1,2,2,2,1,1,4,3,2,3,3,4,1,5,5,5,3,2,3,4,3,5
620,1,0,1,3,2,2,1,4,1,3,3,3,1,1,3,3,4,2,4,3,2,2,4,2,3,2,4,2,4,2
621,2,0,1,1,1,1,1,5,1,2,2,4,1,1,5,4,4,3,4,4,3,2,3,2,3,3,3,4,3,3
622,1,0,1,1,1,1,1,4,1,2,2,2,1,1,4,3,2,1,2,3,4,3,4,2,4,3,3,2,4,4
623,2,0,1,1,1,1,1,4,1,2,2,2,1,1,5,4,3,4,2,4,3,2,4,1,2,3,2,4,5,5
624,1,0,1,1,1,1,1,4,1,3,2,2,1,1,4,4,3,2,1,3,4,3,2,3,4,4,3,4,3,5
625,2,0,1,1,1,1,1,5,1,3,1,2,1,1,4,3,4,3,4,3,4,3,2,3,2,3,2,3,2,3
626,1,0,1,1,1,1,1,4,1,3,1,2,1,1,5,4,3,4,2,3,4,3,2,3,4,3,2,3,2,4
627,2,0,1,1,1,1,1,5,1,3,2,4,1,1,4,3,4,3,3,4,3,2,3,2,3,2,3,4,4,5
628,2,0,0,2,3,1,0,3,1,3,2,2,1,1,2,2,3,1,4,2,3,2,4,2,3,2,4,2,5,2
629,1,0,0,1,2,1,1,4,1,2,3,2,1,1,4,4,5,3,5,4,5,3,1,2,1,2,1,3,3,4
630,2,0,1,1,1,1,1,5,1,2,2,2,1,1,4,4,3,4,4,3,4,3,2,3,2,4,3,4,5,5
631,2,0,1,1,1,1,1,5,1,2,2,4,1,1,3,4,5,4,5,4,5,2,3,2,3,2,3,1,1,2
632,4,0,0,2,4,1,0,3,1,4,4,4,1,1,1,1,2,4,2,5,4,3,2,2,2,1,3,2,1,3
633,2,0,1,1,1,1,1,5,1,2,2,4,1,1,5,4,5,4,3,3,3,2,3,3,2,3,2,4,4,4
634,2,0,1,2,1,1,1,4,1,3,1,4,1,1,5,4,3,3,2,4,3,4,4,2,2,1,3,2,2,1
635,1,0,1,1,1,1,1,4,1,2,2,4,1,1,5,4,3,3,3,3,4,3,3,2,3,3,2,3,1,4
636,1,0,1,1,1,1,1,5,1,3,2,2,1,1,4,4,5,3,3,3,4,1,2,1,4,3,2,2,1,4
637,2,0,1,1,1,1,1,5,1,3,1,4,1,1,5,4,5,3,3,3,4,4,2,3,2,2,1,3,3,5
638,1,0,1,1,1,2,1,4,2,3,1,4,1,1,5,4,5,3,2,4,3,2,1,3,2,1,3,2,4,4
639,2,0,1,1,1,1,1,5,1,2,2,4,1,1,4,3,3,4,3,4,3,4,3,3,2,3,4,2,3,3
640,1,0,1,1,1,1,1,4,1,3,1,4,1,1,3,4,5,4,5,4,3,2,3,3,3,2,1,1,2,2
641,1,0,1,1,1,2,1,4,1,3,2,2,1,1,4,3,4,3,4,4,3,2,3,2,2,3,3,4,2,1
642,1,0,1,1,1,1,1,4,1,3,2,2,1,1,5,4,4,3,5,4,4,1,3,3,2,3,1,2,3,4
643,2,0,1,1,2,2,1,4,1,2,2,2,1,1,5,4,5,3,3,4,3,2,1,2,3,2,1,2,3,2
644,1,0,1,1,1,1,1,5,1,3,1,2,1,1,5,4,5,3,3,4,4,1,2,2,2,1,3,2,1,3
645,2,0,1,1,2,2,1,4,1,2,2,2,1,1,4,3,4,3,4,4,3,2,3,3,2,3,2,4,2,3
646,1,0,1,1,1,1,1,4,1,2,2,2,1,1,5,4,5,3,4,4,3,2,1,2,1,2,3,3,4,5
647,1,0,1,1,3,1,1,4,1,3,2,2,1,1,4,3,4,3,4,3,4,3,2,3,2,1,1,2,2,4
648,1,0,1,1,1,1,1,4,1,2,2,2,1,1,4,3,4,2,3,3,2,4,5,4,3,2,3,2,4,3
649,2,0,1,1,2,1,1,4,1,3,2,2,1,1,5,4,3,4,3,4,3,2,3,3,2,3,4,4,4,5
650,1,0,1,1,3,2,1,5,1,2,2,2,1,1,4,5,3,1,3,4,2,2,3,3,2,3,2,4,5,5
651,1,0,1,2,2,2,1,4,2,4,2,2,1,1,3,2,1,2,2,5,2,5,4,4,5,4,5,4,5,4
652,3,1,1,2,1,1,0,4,4,5,3,2,1,1,2,1,2,5,2,2,1,4,5,4,5,4,5,4,4,5
653,3,0,1,2,1,2,1,4,2,3,3,4,1,1,3,2,1,3,2,3,3,4,5,3,4,3,5,3,4,5
654,3,1,1,3,2,1,1,4,5,4,2,2,1,1,2,1,2,5,2,2,1,4,5,4,5,4,5,4,5,4
655,3,0,1,2,2,2,1,4,2,4,2,2,1,1,3,2,1,3,2,3,2,5,4,4,5,4,5,4,5,4
656,3,0,1,2,2,2,1,4,4,3,3,2,1,1,3,2,1,2,1,3,2,5,4,3,4,5,4,5,4,5
657,1,0,1,2,1,1,1,4,2,4,2,2,1,2,2,1,2,5,2,2,1,4,5,4,5,4,5,4,5,4
658,3,0,1,2,2,3,1,4,2,3,2,2,1,1,3,2,2,3,3,2,3,4,3,3,3,4,3,4,4,3
659,3,0,1,4,2,1,1,4,2,4,3,3,1,1,2,1,2,1,2,2,1,5,4,4,5,4,5,4,5,4
660,3,1,1,2,1,1,0,2,3,5,3,2,1,2,2,1,2,1,2,2,1,4,5,4,5,4,5,4,5,4
661,3,0,1,2,2,2,1,4,3,4,2,2,1,1,2,1,2,1,2,2,1,4,5,4,5,4,5,4,5,4
662,3,1,1,2,2,2,1,4,2,3,3,2,1,4,2,1,2,5,2,2,1,4,5,4,5,4,5,4,5,4
663,3,1,1,2,2,2,2,4,2,3,3,2,1,4,2,1,2,1,2,2,1,3,4,3,3,3,4,5,4,3
664,3,0,1,2,2,2,1,4,2,4,2,2,1,1,2,1,2,1,2,2,1,4,5,4,5,4,5,4,5,4
665,3,0,1,2,4,2,1,4,2,3,3,2,1,2,2,2,3,2,2,2,2,4,4,4,4,4,4,4,4,4
666,1,0,1,2,3,2,1,3,4,4,1,2,0,2,3,2,3,3,3,2,3,4,5,5,5,5,4,3,4,5
667,1,0,1,2,1,1,1,4,1,4,2,2,1,1,2,1,2,1,2,2,1,4,5,4,5,4,5,3,4,5
668,1,0,1,2,2,2,1,5,1,3,2,2,1,4,2,1,2,1,2,2,1,4,5,4,5,4,3,3,3,4
669,3,0,1,2,2,2,2,4,3,4,3,2,1,1,2,1,2,1,2,2,1,4,5,4,5,4,5,4,5,4
670,3,0,1,2,2,1,2,4,2,4,2,2,1,1,3,2,1,3,2,2,1,4,5,4,5,4,5,4,5,4
671,2,0,1,2,2,2,1,4,2,3,3,2,1,2,2,1,2,1,2,2,1,4,5,4,5,4,5,4,5,4
672,1,0,1,4,1,1,1,4,2,3,2,2,1,1,3,2,1,3,2,3,2,5,4,4,5,4,5,4,5,4
673,1,0,1,2,2,2,1,4,2,4,2,2,1,1,3,2,1,2,1,2,1,4,5,4,5,4,5,4,5,4
674,2,0,1,2,2,2,1,4,2,3,3,2,1,4,3,2,1,2,1,2,1,4,5,4,5,4,5,4,5,4
675,3,0,1,2,2,3,1,4,2,3,3,2,1,1,3,2,3,2,3,3,2,5,4,3,4,5,4,5,4,5
676,2,0,1,2,2,1,1,4,2,3,2,2,1,1,3,2,1,2,1,2,1,4,5,4,5,4,5,4,5,4
677,2,0,0,2,1,2,1,4,2,4,2,2,1,3,2,1,2,1,2,2,1,4,5,4,5,4,5,4,5,4
678,3,0,0,2,4,2,0,4,5,5,3,2,1,1,2,1,2,1,2,2,1,4,5,4,5,4,5,4,4,5
679,3,1,1,3,2,2,1,4,2,3,3,2,1,4,3,2,1,3,2,3,2,5,3,4,5,4,5,4,5,4
680,2,0,1,2,2,3,1,4,3,2,2,2,1,1,2,1,2,1,2,2,1,4,4,4,5,4,5,4,5,4
681,2,0,1,2,3,2,0,3,3,4,3,2,1,2,2,1,2,1,2,2,1,4,5,4,3,3,4,4,3,5
682,3,0,1,2,2,2,1,4,2,3,3,2,1,4,2,1,2,1,2,2,3,3,4,4,5,4,5,4,5,4
683,3,0,1,2,2,2,1,4,2,5,3,2,1,1,3,2,1,3,2,2,1,4,5,4,5,4,5,4,5,4
684,3,0,1,2,2,1,2,4,2,3,3,2,1,1,3,2,1,1,3,2,1,4,5,4,5,3,4,5,3,4
685,2,1,1,3,1,1,0,1,5,4,3,2,1,1,3,2,1,2,1,2,3,3,5,4,3,4,5,4,3,4
686,3,0,1,2,2,2,1,4,2,4,4,2,1,3,3,3,3,2,1,3,2,5,4,3,4,5,3,4,5,4
687,3,1,1,2,2,2,1,4,2,3,3,2,1,4,3,2,1,3,2,2,1,4,5,4,5,4,5,4,5,4
688,3,0,1,2,4,2,2,4,3,3,3,2,1,4,2,1,2,1,2,1,2,5,4,5,4,5,4,4,5,4
689,3,0,1,2,2,1,0,4,4,3,3,2,1,3,2,1,2,1,2,2,1,4,5,4,5,4,5,4,5,4
690,3,0,1,2,2,2,1,4,2,4,4,2,1,1,2,1,2,1,2,2,1,4,5,4,5,4,5,4,5,4
691,3,0,1,2,2,2,1,4,5,2,2,2,1,1,3,2,1,2,1,3,2,5,3,3,4,5,3,4,5,4
692,3,0,1,2,2,2,1,4,4,3,2,2,1,1,2,1,2,1,2,2,1,4,5,4,5,4,5,4,5,4
693,3,0,1,2,2,2,1,4,2,2,1,2,1,1,3,2,1,3,2,3,2,5,4,3,4,5,3,4,5,4
694,3,0,1,2,2,2,1,4,2,5,3,2,1,4,2,1,2,1,2,2,1,4,5,4,5,4,5,4,5,4
695,3,0,1,2,1,1,1,4,4,5,2,2,1,1,2,1,2,1,2,2,1,4,5,4,5,4,5,4,5,4
696,3,0,1,2,2,1,1,4,2,3,3,2,1,1,3,2,1,3,2,3,2,5,3,3,4,5,3,4,5,4
697,3,1,1,2,1,2,1,4,5,3,1,2,1,1,3,2,1,3,2,3,2,5,4,3,4,5,4,3,4,5
698,3,1,0,1,4,1,1,3,4,3,3,2,1,1,3,3,3,2,1,3,3,4,5,3,3,4,5,4,4,3
699,3,0,1,2,2,2,1,4,2,3,3,2,1,1,3,2,1,3,2,3,2,5,3,4,5,4,5,3,4,5
700,3,0,1,2,1,2,1,4,4,3,1,2,1,1,2,1,2,1,2,2,1,4,5,4,5,4,5,4,5,4
701,3,1,1,2,3,2,0,4,5,5,3,2,1,1,1,3,1,2,3,2,1,3,5,4,5,4,5,4,5,4
702,3,1,1,2,1,1,1,3,3,4,2,3,1,1,2,1,1,2,1,1,1,4,3,5,5,3,3,5,4,3
703,3,1,0,1,3,2,0,4,4,5,5,3,1,1,1,1,1,2,2,1,1,4,4,5,5,4,3,5,4,3
704,3,1,1,3,2,1,1,4,4,4,3,2,1,1,2,1,1,5,3,1,1,4,3,5,4,5,3,5,5,4
705,3,1,0,1,2,2,0,4,2,4,3,3,1,1,3,3,1,2,1,2,1,3,5,4,5,5,4,5,4,4
706,2,0,1,2,2,2,0,4,3,4,2,5,1,4,2,2,1,2,1,2,1,4,5,4,5,4,5,4,5,4
707,3,1,0,1,3,1,0,4,4,5,3,4,1,1,2,1,1,2,3,1,1,3,5,5,4,3,5,4,5,5
708,3,0,0,2,4,3,1,4,3,3,3,4,1,1,2,2,2,3,2,2,3,4,3,4,3,4,5,4,5,4
709,3,0,1,3,3,3,1,4,3,4,3,5,1,4,2,1,2,1,2,1,2,4,5,4,5,4,5,4,5,4
710,2,0,1,3,3,2,0,4,3,4,2,5,1,1,2,3,2,1,2,2,3,4,3,4,3,4,4,5,4,4
711,3,0,1,2,2,1,1,4,2,3,3,4,1,1,2,1,2,1,2,2,1,4,5,4,5,4,5,4,5,4
712,2,1,1,2,3,2,1,4,3,3,3,2,1,1,2,1,2,5,2,2,1,4,5,4,5,4,5,4,5,4
713,3,0,1,2,2,2,1,4,4,4,4,3,1,1,3,2,1,2,1,2,1,4,5,5,5,4,5,5,4,5
714,3,1,1,2,3,2,0,4,4,5,3,3,1,1,3,2,1,1,1,2,2,3,5,4,5,5,5,5,4,5
715,2,1,1,3,3,2,2,4,4,4,3,3,1,3,1,2,1,1,2,2,1,5,4,5,3,5,5,4,5,5
716,3,0,1,2,3,2,1,3,3,4,2,5,0,1,2,2,1,2,2,2,1,4,4,4,4,5,4,5,4,4
717,3,1,1,2,1,1,0,4,4,5,5,4,1,3,1,2,1,3,1,2,1,5,5,4,3,3,5,5,5,5
718,3,1,1,2,3,2,1,4,4,5,3,3,1,1,3,2,1,1,1,1,1,4,5,5,5,4,3,5,5,5
719,3,0,1,2,3,2,2,4,3,5,2,3,1,1,1,3,1,1,2,2,1,3,5,4,5,5,4,5,5,5
720,2,1,1,2,3,2,1,4,2,3,3,2,1,1,1,1,2,3,1,5,1,5,4,5,4,5,5,4,3,5
721,2,1,1,2,3,2,0,3,2,4,2,3,1,1,1,2,3,1,1,1,2,5,5,5,3,5,5,4,5,5
722,2,1,1,2,3,3,0,3,3,4,5,3,1,1,2,1,2,1,2,1,2,3,5,5,5,4,5,5,4,5
723,1,1,1,3,3,3,0,4,2,4,3,2,1,1,3,1,1,2,1,2,2,3,5,5,5,4,5,5,4,5
724,2,0,1,2,3,2,0,3,5,4,3,3,1,1,3,1,2,1,1,3,1,5,5,4,5,4,5,5,4,4
725,4,1,1,4,1,1,0,3,4,5,4,3,1,1,2,1,1,1,1,1,2,5,3,5,5,4,5,5,5,5
726,3,1,1,3,3,2,0,3,2,4,5,4,1,1,2,1,1,1,1,1,1,5,4,5,5,5,5,5,5,5
727,2,1,1,2,2,2,0,3,3,5,5,3,1,1,3,2,1,3,1,1,1,4,5,5,4,3,5,5,5,5
728,3,0,1,2,2,2,0,3,3,5,3,3,1,1,3,1,1,2,1,2,3,5,5,5,5,4,5,5,4,5
729,3,1,1,3,2,2,2,4,4,5,3,3,1,1,2,1,1,1,2,2,1,5,4,3,4,5,5,4,3,5
730,2,0,1,3,2,2,2,4,2,5,3,2,1,1,4,1,1,1,1,1,1,4,5,5,4,4,5,5,5,4
731,3,1,1,2,2,2,0,3,4,4,4,4,1,1,1,2,1,1,1,1,1,5,4,5,5,4,5,3,5,3
732,3,1,1,3,2,2,2,4,3,4,2,4,1,1,5,1,1,2,1,5,2,4,5,5,4,5,5,4,5,5
733,3,0,1,2,2,2,0,4,3,4,4,4,1,1,1,5,1,1,1,1,1,5,5,5,5,5,4,5,5,5
734,4,0,1,2,3,2,0,3,2,2,3,4,1,1,1,5,2,1,2,3,1,5,4,5,5,3,5,5,4,3
735,3,1,1,2,3,3,2,4,3,4,5,3,1,1,1,5,1,1,2,1,2,5,4,5,3,4,5,5,5,4
736,2,0,1,3,2,2,1,4,4,3,3,2,1,1,5,1,1,2,1,3,1,4,5,5,5,5,4,3,5,5
737,3,1,1,2,3,2,0,4,3,3,2,3,1,1,5,2,1,1,1,1,1,5,4,5,5,3,3,5,4,5
738,3,1,1,3,2,2,0,4,3,4,3,4,1,1,1,5,2,1,2,1,4,4,5,5,5,4,5,3,4,5
739,2,0,1,2,1,2,1,4,3,5,3,3,1,1,5,2,3,3,2,3,2,2,5,1,5,3,4,5,3,5
740,2,1,1,3,2,2,2,4,3,4,4,2,1,1,5,1,2,3,2,2,1,5,5,4,5,5,3,5,4,5
741,2,1,1,3,3,2,1,3,2,5,3,3,1,1,1,3,1,1,2,3,1,4,5,5,5,5,3,5,5,4
742,3,0,1,2,2,2,0,3,2,3,3,2,1,1,1,5,1,1,1,1,4,5,5,3,5,4,5,4,5,5
743,3,0,1,2,2,3,1,4,2,2,3,4,1,1,5,1,2,2,1,3,1,5,5,5,2,5,5,5,5,5
744,3,0,1,2,1,2,0,3,2,4,3,2,1,1,5,1,2,1,3,1,5,5,5,5,5,4,5,4,5,5
745,3,0,1,2,1,2,0,3,3,4,3,2,1,1,4,3,1,1,2,1,1,5,5,5,5,5,3,5,4,5
746,3,1,0,1,3,1,2,4,3,4,3,3,1,1,2,1,1,5,1,3,1,1,3,5,1,5,3,5,4,3
747,3,0,1,2,2,1,0,3,2,3,3,4,1,1,1,1,3,1,1,4,3,5,5,5,3,5,2,4,5,5
748,3,1,0,1,4,1,1,3,3,5,2,4,1,1,5,1,2,1,3,3,1,4,5,3,4,4,5,3,5,5
749,4,0,1,2,2,3,2,4,2,4,3,4,1,1,1,5,3,1,1,1,1,5,5,5,5,5,5,5,5,5
750,2,0,1,3,2,2,2,4,2,4,4,3,1,1,1,5,2,1,1,1,2,5,5,5,5,4,4,4,5,5
751,4,0,0,2,3,1,0,5,2,3,4,3,0,2,3,2,3,2,3,3,2,3,4,3,4,3,4,3,5,4
752,5,1,1,2,1,1,0,5,3,4,3,4,0,4,2,2,1,2,1,2,1,4,5,4,4,3,4,5,4,4
753,3,0,0,2,2,1,0,1,5,5,3,2,0,4,3,2,1,2,3,3,2,5,4,3,4,5,4,5,4,5
754,3,0,0,2,4,1,0,1,4,5,3,2,0,4,3,2,3,2,3,2,3,4,3,4,5,4,3,4,4,3
755,3,0,0,2,2,1,0,1,3,3,4,3,0,4,3,2,3,2,3,3,2,3,4,4,4,5,4,3,4,4
756,3,0,0,2,3,1,0,1,4,5,3,2,0,4,3,2,1,3,2,3,1,4,3,3,5,4,3,5,4,3
757,4,1,1,2,3,1,0,5,3,4,2,1,0,4,3,2,3,2,1,3,2,5,3,4,3,5,4,3,5,4
758,2,1,0,2,3,3,0,1,4,4,2,1,0,2,3,2,1,2,3,3,2,4,3,4,3,4,5,4,3,4
759,4,0,1,2,3,1,1,1,4,5,3,2,0,1,3,2,3,1,2,3,2,5,4,3,4,5,4,5,4,4
760,4,0,1,3,3,5,0,5,3,3,4,1,0,2,3,2,3,2,3,3,2,5,4,3,4,3,4,3,4,5
761,5,0,1,3,2,2,0,5,3,5,2,1,0,4,3,2,1,2,3,2,1,4,3,4,5,4,3,4,5,4
762,4,0,0,2,4,1,0,5,3,5,3,3,0,1,3,2,3,2,2,3,2,3,4,3,4,4,3,4,3,4
763,1,0,0,2,4,1,0,5,5,5,3,4,0,3,3,2,3,2,2,2,3,4,5,3,4,3,4,3,4,4
764,3,0,1,2,4,5,1,5,3,3,3,3,0,2,3,2,3,2,2,3,2,4,4,4,5,4,5,4,5,4
765,3,0,1,2,5,1,0,5,3,4,4,4,0,3,3,2,3,2,3,2,3,4,3,3,4,3,4,4,4,4
766,3,1,0,2,4,2,1,5,4,5,3,3,0,3,3,2,3,2,1,3,2,5,4,3,4,5,4,3,4,5
767,3,0,1,2,3,1,1,5,3,5,3,4,0,1,3,2,1,3,2,3,2,5,3,3,4,5,3,4,5,4
768,3,0,0,2,5,5,1,5,3,4,3,4,0,4,3,2,2,3,2,3,2,4,5,4,5,4,5,4,5,4
769,4,0,0,2,1,1,0,5,4,5,2,2,0,3,3,2,1,2,3,2,1,4,3,5,4,3,4,5,4,3
770,2,0,1,3,1,2,0,1,4,5,3,1,0,4,3,2,1,2,3,2,1,4,3,5,4,3,4,5,4,3
771,5,1,0,2,1,1,0,5,3,4,4,4,0,4,3,2,3,2,1,3,2,4,3,4,5,4,5,4,3,4
772,4,0,1,3,2,1,0,5,4,5,1,2,0,1,3,2,1,2,3,2,1,4,3,4,5,4,3,4,5,4
773,4,0,1,3,4,5,0,5,4,3,2,2,0,4,3,2,1,2,1,1,2,4,3,4,4,3,4,3,4,4
774,3,0,0,2,2,1,0,1,4,3,4,5,0,2,3,2,1,2,3,2,1,4,3,4,3,5,4,3,4,5
775,3,0,0,2,3,2,0,1,5,5,3,3,0,4,3,2,1,2,3,2,1,3,5,4,5,3,5,4,3,5
776,2,0,0,2,4,2,0,2,5,3,5,2,0,4,3,2,1,2,3,3,2,5,3,4,3,5,4,5,4,3
777,2,0,0,2,4,1,0,1,4,5,2,1,0,2,2,1,2,1,2,2,3,4,5,4,4,5,3,4,5,4
778,4,0,0,2,1,1,0,5,2,5,3,1,0,4,3,2,3,2,1,3,2,5,4,3,4,3,5,4,3,4
779,3,0,1,2,2,1,0,5,3,4,4,5,0,2,3,2,3,2,3,3,2,5,4,4,5,4,5,4,3,4
780,3,0,0,2,2,1,0,5,4,5,3,3,0,4,3,2,3,2,1,3,2,5,4,4,4,3,4,4,3,4
781,4,0,0,2,4,2,1,5,4,3,5,2,1,4,3,2,1,2,1,3,2,3,5,3,4,5,3,5,3,5
782,3,0,1,3,3,2,1,5,3,5,2,4,0,4,3,2,3,2,1,2,2,5,4,4,5,4,5,4,5,4
783,4,0,0,2,3,1,1,1,4,3,4,2,0,2,3,2,3,2,2,2,1,4,5,3,4,5,3,5,4,4
784,3,0,0,2,1,1,0,5,3,4,4,4,0,1,3,2,3,2,2,2,3,4,5,4,5,4,5,4,4,5
785,3,0,0,2,1,1,0,5,3,4,2,3,0,2,3,2,1,2,3,3,2,5,4,4,3,4,4,3,4,3
786,3,1,1,2,1,1,0,5,3,4,3,4,0,4,3,2,2,3,2,2,1,4,3,4,5,4,5,4,5,4
787,3,0,0,2,2,1,0,5,4,3,4,3,0,3,3,2,3,2,1,3,2,5,4,3,4,5,4,3,4,5
788,3,0,0,2,3,1,0,5,4,4,3,3,0,3,3,2,2,3,2,2,1,4,4,3,4,3,4,4,3,4
789,4,0,0,2,2,1,0,5,3,4,4,3,0,4,2,1,2,3,2,3,2,5,4,3,4,5,3,4,5,4
790,3,0,1,2,1,1,0,5,3,4,4,3,0,3,3,2,3,2,1,2,3,4,3,4,5,4,5,4,5,4
791,2,0,1,2,2,1,0,5,4,4,4,4,0,3,3,2,3,2,2,2,2,5,5,4,4,3,4,4,3,4
792,3,0,1,3,2,1,0,5,3,4,3,3,0,2,3,2,3,2,2,3,2,5,4,4,5,4,5,4,5,4
793,2,0,0,2,4,2,0,1,5,5,2,5,0,4,3,2,1,2,3,3,2,5,4,3,4,3,5,4,3,5
794,4,0,0,2,5,1,0,5,4,5,3,5,0,2,3,2,3,1,2,3,1,4,3,4,5,4,3,4,5,3
795,2,0,0,2,4,2,1,1,3,5,3,4,0,4,3,2,1,2,3,2,1,3,4,4,5,4,3,5,4,3
796,2,0,0,2,4,1,0,1,5,5,2,3,0,4,3,2,3,1,2,2,3,5,4,3,4,5,3,5,4,3
797,3,0,1,3,1,1,0,1,4,5,3,1,0,1,3,2,2,1,2,3,2,4,5,4,5,4,5,4,5,4
798,3,0,1,3,2,1,0,5,3,3,4,3,0,3,3,2,3,2,3,3,2,3,4,3,4,3,4,5,4,3
799,3,0,0,2,2,1,0,5,2,4,2,5,0,4,3,2,1,2,3,2,3,4,5,3,4,5,4,3,4,5
800,3,0,0,2,3,1,0,5,3,4,2,4,0,4,3,2,1,2,3,2,1,4,5,4,5,4,3,4,5,4
801,4,0,0,2,4,2,0,3,3,4,3,5,0,1,2,1,2,1,2,1,2,5,4,5,4,5,4,5,3,4
802,2,0,1,2,4,2,0,3,2,4,3,4,1,1,2,1,2,1,2,2,1,4,5,4,5,4,5,4,5,4
803,3,0,0,1,2,2,0,3,3,4,2,5,0,1,2,1,2,1,2,2,2,5,4,4,5,4,4,5,4,4
804,3,0,1,3,4,2,0,4,3,3,3,4,0,1,2,1,2,1,2,2,1,4,4,4,5,4,5,4,5,3
805,3,0,1,3,4,2,0,3,3,3,3,5,0,1,2,1,2,1,2,2,1,3,4,4,3,4,4,5,4,5
806,3,0,0,2,2,2,0,3,3,3,3,4,0,1,2,1,2,2,2,1,2,5,4,4,5,4,5,3,4,4
807,3,0,1,2,4,2,0,4,2,3,3,4,0,1,2,1,2,1,2,1,2,5,4,5,4,5,4,3,4,4
808,3,0,1,2,2,2,0,3,2,4,3,5,0,1,2,1,2,1,2,1,2,5,4,5,4,5,4,5,4,5
809,3,0,0,2,4,2,0,3,1,4,3,5,0,1,2,1,2,1,2,1,2,4,5,4,5,4,5,4,5,4
810,4,0,0,2,2,2,0,3,3,3,3,5,0,1,2,1,2,1,2,1,2,5,4,3,4,5,4,3,4,4
811,4,0,1,2,4,2,0,3,3,4,3,5,0,1,2,1,2,1,2,2,1,4,5,5,4,4,5,5,4,4
812,3,0,0,2,4,2,0,2,3,4,3,4,0,1,2,1,2,1,2,2,1,4,4,5,4,5,4,5,3,4
813,2,0,0,2,2,2,0,3,1,4,3,4,0,1,2,1,2,2,3,3,2,4,3,5,5,4,4,3,4,4
814,3,0,1,2,2,2,0,5,2,3,3,4,0,1,3,2,2,2,2,2,2,5,4,4,5,4,5,4,5,4
815,3,0,1,2,4,2,0,3,3,4,3,5,0,1,5,1,2,2,1,2,2,3,4,4,4,4,4,3,4,4
816,3,0,1,2,4,2,0,2,2,4,2,5,0,1,2,2,2,1,2,2,3,4,4,4,5,4,5,4,3,4
817,3,0,1,2,2,2,0,3,3,3,2,5,0,1,2,1,2,1,2,1,2,5,4,4,5,4,5,4,5,4
818,3,0,1,2,4,2,1,3,3,4,3,4,0,1,2,2,1,1,1,1,1,4,5,4,5,4,5,4,5,4
819,2,0,0,2,4,2,1,3,3,4,2,4,0,1,2,1,2,1,2,1,2,5,4,5,4,5,4,5,4,4
820,3,0,1,2,2,2,0,3,3,4,3,5,1,1,2,2,1,2,1,2,1,4,5,4,5,4,5,4,5,4
821,3,0,1,2,1,2,0,3,3,4,3,5,0,1,2,1,2,1,2,1,2,5,4,5,4,5,4,5,4,5
822,2,0,0,2,4,2,0,3,3,3,2,5,0,1,2,1,2,1,2,1,2,5,4,5,4,5,4,5,3,4
823,2,0,1,2,4,2,1,2,3,4,3,4,1,1,2,2,3,2,1,2,1,4,5,4,5,5,4,4,4,4
824,4,0,1,2,4,2,1,3,3,4,3,4,1,1,2,2,1,2,1,2,1,5,4,5,4,5,4,5,4,5
825,1,0,1,2,1,2,0,3,4,4,2,4,0,1,2,2,1,2,1,2,1,4,5,4,5,4,4,5,5,4
826,3,0,1,2,4,2,0,3,3,4,3,5,0,1,1,1,2,1,2,1,2,5,4,5,4,5,4,3,4,3
827,3,0,1,2,2,2,1,4,1,3,3,5,1,1,2,2,1,2,1,2,1,5,5,4,4,3,4,5,4,4
828,2,0,1,2,4,2,1,3,3,4,3,5,1,1,2,1,2,1,2,1,2,5,4,5,4,5,4,5,4,5
829,2,0,1,2,2,2,1,3,2,4,2,4,1,1,2,1,2,1,2,1,2,5,4,5,4,5,4,5,4,4
830,3,0,1,2,2,1,0,3,3,4,2,5,1,1,2,1,2,1,2,1,2,5,4,5,4,5,4,5,4,5
831,3,0,1,2,4,2,0,3,3,4,3,5,0,1,2,1,2,1,2,2,2,5,4,4,5,4,5,4,3,3
832,3,0,1,2,2,2,0,4,3,4,3,5,0,1,3,2,3,1,1,2,1,4,5,4,5,4,5,4,5,4
833,1,0,1,2,4,2,0,3,4,4,3,5,1,1,2,2,2,1,1,2,1,5,4,4,4,4,3,3,4,4
834,3,0,0,2,2,2,0,3,3,4,2,5,0,1,3,2,1,2,1,2,1,4,5,4,5,4,5,4,5,4
835,3,0,0,3,2,1,0,3,3,5,3,4,1,1,2,2,2,1,2,1,1,4,5,4,5,4,5,5,5,5
836,3,0,0,3,4,2,0,3,3,4,3,5,1,1,2,1,2,1,2,1,2,5,4,5,4,5,4,5,4,4
837,4,1,0,3,5,2,0,3,2,4,3,4,1,1,2,2,1,2,1,2,1,4,5,4,5,4,5,4,4,5
838,3,1,0,3,2,2,0,2,2,4,2,4,0,1,2,2,1,2,2,2,1,4,5,4,5,4,5,4,5,4
839,2,0,1,3,2,2,1,3,3,4,2,4,1,1,2,1,2,1,2,1,2,5,4,5,4,5,4,5,4,5
840,3,0,1,3,2,2,0,3,2,3,3,4,0,1,2,1,2,1,2,1,2,4,4,5,4,5,4,4,4,4
841,3,0,0,3,2,2,0,4,3,3,3,5,0,1,2,2,1,2,1,1,2,5,4,5,4,5,4,5,4,4
842,2,0,0,3,2,2,1,3,2,3,3,5,0,1,3,1,3,1,3,2,1,4,5,4,5,4,5,4,5,4
843,3,0,0,3,4,2,0,3,2,3,3,5,0,1,2,1,2,1,2,2,1,4,5,4,5,4,5,4,5,3
844,2,0,0,3,2,2,0,3,3,4,4,5,0,1,2,1,2,1,3,2,3,4,3,5,4,5,4,5,4,5
845,3,0,1,3,4,2,0,4,2,3,3,4,0,1,2,1,2,1,2,2,1,4,5,4,5,4,5,4,5,4
846,3,0,1,3,2,2,0,4,3,4,3,4,0,1,1,2,1,2,1,2,1,4,4,4,5,4,5,4,5,4
847,3,0,1,3,4,2,0,3,3,4,2,4,1,1,2,1,2,1,1,2,1,4,5,4,5,4,5,4,5,4
848,3,0,0,3,2,2,0,4,2,4,3,4,0,1,2,1,2,1,2,1,2,5,4,4,5,4,5,4,5,4
849,2,0,1,3,4,2,1,3,3,4,3,4,1,1,3,2,1,1,1,2,1,5,4,3,5,4,5,3,5,5
850,4,0,1,3,2,2,0,3,3,4,4,3,1,1,3,1,2,1,2,3,1,4,5,3,5,4,5,5,5,3
851,3,0,0,2,3,1,2,4,2,3,3,2,1,1,2,1,2,1,2,2,1,4,5,5,5,5,5,4,5,4
852,3,0,1,2,2,2,2,4,3,5,3,2,1,1,3,2,1,3,2,2,1,4,5,5,5,5,5,5,5,5
853,3,0,1,2,2,2,1,4,3,4,3,2,1,1,3,2,2,2,1,2,1,4,5,4,5,4,5,4,5,4
854,2,0,0,2,3,2,0,5,2,4,3,2,0,1,2,1,2,1,2,1,2,5,4,1,1,1,3,3,1,3
855,3,0,1,2,2,2,0,4,2,3,3,2,1,1,3,2,1,2,3,2,1,4,5,5,5,5,5,4,5,4
856,3,0,1,2,2,2,1,4,2,3,3,2,1,1,2,3,2,1,3,2,3,4,5,4,5,5,5,5,4,5
857,4,1,1,2,3,2,0,5,1,2,1,4,0,1,4,2,4,2,2,2,2,2,5,5,5,5,4,2,5,5
858,3,0,0,2,2,2,1,5,2,4,3,2,1,1,3,2,2,1,2,2,1,4,4,4,5,4,5,4,5,4
859,3,0,1,2,3,2,2,3,3,4,3,2,1,1,3,2,3,2,3,2,2,5,4,4,5,4,5,4,5,4
860,2,0,1,2,2,2,2,3,3,4,4,2,1,1,3,2,1,3,2,1,2,5,4,5,5,5,5,5,4,5
861,2,0,1,2,2,2,1,5,2,4,3,2,1,1,3,2,1,3,2,2,1,4,5,4,5,4,5,4,5,4
862,3,0,1,2,1,2,1,4,2,3,3,2,1,3,2,1,2,1,2,2,1,4,5,5,5,5,5,4,5,5
863,3,0,1,2,2,2,0,3,4,4,4,2,1,4,2,1,2,1,2,2,1,4,5,5,5,5,5,4,5,4
864,3,0,1,2,2,2,2,4,2,5,3,2,1,1,2,1,2,1,2,2,1,4,5,5,5,5,5,5,5,4
865,4,0,1,3,2,2,1,3,2,3,2,2,1,1,2,1,2,1,2,2,3,4,3,4,5,4,5,4,5,4
866,3,0,1,2,2,2,2,3,3,4,2,2,1,1,3,2,3,2,3,3,2,3,4,1,1,1,3,4,5,4
867,2,0,1,2,1,2,1,4,3,3,3,2,1,4,3,3,2,1,3,3,4,3,4,5,4,5,4,5,4,5
868,3,0,1,2,2,2,1,4,2,4,4,2,1,1,2,1,2,1,2,2,1,4,5,3,4,4,5,4,5,4
869,3,0,1,2,2,2,0,4,3,4,1,2,1,3,2,1,2,1,2,2,1,4,5,5,5,5,4,5,4,5
870,4,0,1,2,2,2,2,3,3,5,5,2,1,1,2,1,2,1,2,3,2,5,4,5,5,5,5,4,5,4
871,4,0,1,3,2,2,0,4,4,4,3,2,1,1,3,2,1,3,2,2,1,4,5,3,4,3,3,3,4,4
872,2,0,1,2,4,1,1,4,3,3,3,2,1,1,2,1,2,1,2,2,1,4,5,5,5,5,5,4,5,4
873,5,1,0,2,4,2,0,5,2,5,2,4,0,1,3,2,1,2,1,2,1,4,5,5,5,5,5,4,5,4
874,3,0,1,2,2,2,1,4,2,3,3,2,1,1,3,2,1,3,2,3,2,5,3,5,5,5,5,5,5,4
875,3,0,1,2,2,2,1,4,3,4,2,2,1,2,3,2,3,2,3,3,2,5,4,4,5,4,5,4,5,5
876,3,0,1,2,2,2,0,4,3,4,2,2,1,3,2,1,2,1,2,2,1,4,5,5,5,5,5,4,3,4
877,3,1,1,2,2,1,0,5,3,3,3,2,1,1,3,3,2,3,2,3,2,3,4,5,4,5,5,5,4,5
878,2,0,0,2,3,2,0,4,2,3,3,2,1,1,3,2,1,2,1,2,1,5,5,5,5,5,5,5,4,5
879,4,1,0,2,3,2,1,4,2,3,1,2,0,1,3,2,1,2,1,3,2,5,4,5,5,5,5,5,5,5
880,2,0,1,2,2,2,2,4,2,3,3,2,1,1,2,1,2,3,2,3,2,3,4,1,1,1,4,5,4,5
881,3,0,0,2,4,2,0,3,3,4,3,4,0,1,5,2,2,2,3,2,2,4,4,5,5,5,5,5,5,5
882,1,0,0,2,1,1,0,3,2,4,4,3,1,1,3,2,1,2,1,3,2,5,4,5,5,5,5,4,5,5
883,4,0,1,2,2,2,0,2,5,3,1,2,0,1,1,2,2,1,2,4,2,4,5,5,5,5,5,4,5,5
884,3,0,1,2,4,2,0,4,2,4,2,2,1,1,2,1,2,1,2,2,1,4,5,5,5,5,5,5,5,5
885,2,0,1,2,2,2,1,4,2,3,3,2,1,1,3,2,1,3,2,2,1,4,5,1,1,1,3,4,4,4
886,1,0,1,2,2,2,2,5,3,4,2,2,1,2,3,2,3,2,1,1,2,5,4,1,1,1,2,3,4,4
887,2,0,1,2,2,2,2,4,3,4,2,2,1,4,2,1,2,3,2,3,2,3,4,5,4,5,5,5,5,4
888,3,0,1,2,2,2,1,4,2,4,3,2,1,3,3,2,1,3,2,2,1,4,5,5,5,5,5,4,5,4
889,2,0,1,2,5,2,2,3,4,4,3,3,1,1,2,1,2,1,2,2,1,4,5,4,5,5,5,5,5,4
890,1,1,1,3,2,2,0,5,2,3,5,2,0,1,2,4,2,4,3,3,2,3,4,1,1,1,3,3,4,1
891,2,0,1,2,2,2,1,3,3,4,3,2,1,2,3,2,1,3,2,3,2,5,4,4,5,4,5,5,4,5
892,4,0,0,2,4,1,0,4,1,5,2,4,0,1,2,2,2,3,2,2,2,4,4,5,5,5,5,5,5,5
893,4,0,0,2,4,2,0,5,1,5,3,5,0,3,2,1,2,2,5,5,1,4,4,5,5,5,5,5,4,5
894,2,0,1,3,1,2,0,4,2,4,3,2,1,1,2,1,2,1,2,2,1,4,5,5,5,5,5,5,4,5
895,4,1,0,2,4,2,0,5,2,3,5,2,0,1,2,1,2,1,2,2,1,4,5,5,5,5,5,5,5,5
896,2,0,1,3,2,2,0,5,5,4,4,2,1,1,2,1,2,1,2,2,1,3,4,5,5,5,5,4,5,4
897,2,0,0,2,4,2,1,3,3,5,3,2,1,1,2,1,2,1,2,3,2,5,4,5,5,5,4,5,4,5
898,2,0,1,2,2,2,1,4,2,3,3,2,1,2,3,2,3,2,1,3,2,5,3,5,5,5,5,5,5,5
899,3,0,1,3,1,2,1,4,2,3,3,2,1,1,3,2,1,2,1,2,1,4,5,5,5,5,5,5,5,5
900,3,0,0,2,4,2,0,5,1,5,3,4,0,1,2,2,3,2,2,2,2,3,4,4,4,5,4,4,5,5
901,1,0,1,2,3,1,1,4,1,3,2,2,1,3,4,3,4,2,3,3,4,3,4,3,4,3,4,2,3,5
902,1,0,1,2,1,1,1,4,1,2,2,2,1,2,5,4,5,3,4,4,3,2,4,2,3,2,4,2,5,3
903,2,1,0,1,3,1,0,1,1,3,2,4,1,4,2,1,4,3,2,4,3,2,3,2,3,2,3,4,3,2
904,3,1,0,2,4,2,0,5,1,4,3,3,1,2,1,4,2,1,2,4,3,2,4,2,1,3,2,3,4,3
905,4,0,0,2,4,2,1,3,1,3,4,4,1,2,2,3,1,4,3,4,3,4,2,2,3,4,4,2,2,5
906,2,1,1,2,3,2,0,5,1,5,2,3,1,4,2,3,2,4,2,2,2,2,5,5,5,4,4,2,5,5
907,2,0,1,2,5,2,0,5,1,2,2,2,1,1,4,4,3,3,2,2,2,3,4,5,4,4,3,4,3,5
908,1,0,1,2,5,2,1,4,1,4,2,2,1,2,3,3,2,3,3,3,4,2,3,3,3,2,3,4,3,5
909,4,0,0,2,2,2,0,5,1,2,3,2,1,4,4,3,4,2,4,4,3,2,4,4,3,5,3,2,4,3
910,3,0,1,2,3,2,0,5,1,3,3,2,1,2,4,3,4,2,2,4,3,3,4,3,4,3,2,3,4,3
911,1,0,1,2,4,2,1,4,1,3,2,2,1,2,4,4,3,4,3,4,3,2,4,3,4,4,4,2,3,5
912,1,0,0,2,5,2,0,4,1,2,2,2,0,3,5,4,3,4,3,3,4,3,2,3,2,4,4,3,4,5
913,2,0,1,2,5,2,1,4,1,3,3,2,1,2,5,4,3,4,3,3,2,5,4,3,4,3,2,3,4,5
914,1,0,1,3,5,2,2,4,1,2,2,2,1,2,3,3,4,3,4,3,4,3,3,4,3,2,3,4,3,3
915,2,0,0,2,3,1,1,4,1,4,4,2,1,3,5,3,3,2,3,4,2,3,4,2,3,3,3,4,5,2
916,4,0,0,2,4,2,0,5,1,4,2,2,1,4,4,3,2,2,3,4,3,2,4,3,3,2,4,3,2,5
917,2,0,1,2,3,2,0,3,1,2,3,2,1,2,3,4,3,2,3,3,2,3,4,3,4,3,4,3,4,5
918,1,0,1,2,5,2,1,4,1,2,2,2,1,3,5,4,3,4,2,3,3,2,4,2,3,4,2,5,4,3
919,1,0,1,2,5,2,1,4,1,2,2,2,1,2,3,3,4,3,2,4,3,2,4,2,3,3,4,3,4,3
920,1,0,1,2,5,2,1,4,1,3,3,2,1,2,4,3,4,2,1,3,2,3,2,2,3,2,3,4,5,4
921,2,0,1,2,5,2,1,5,1,3,1,2,1,2,3,4,3,4,3,3,2,3,4,3,3,2,3,4,3,3
922,1,0,1,2,5,2,1,5,1,2,2,2,1,4,5,3,3,4,2,3,2,5,3,3,2,3,4,3,4,3
923,1,0,1,2,5,2,1,4,1,3,2,2,1,2,3,2,3,4,2,3,4,3,3,3,2,4,3,2,4,3
924,1,0,1,2,5,2,2,5,1,3,2,2,1,4,4,4,3,4,3,4,3,4,3,3,2,2,3,2,4,2
925,1,0,1,2,2,2,1,4,1,2,3,2,0,4,5,4,3,4,3,4,3,2,3,3,2,2,4,3,2,5
926,2,0,0,2,3,2,0,2,2,3,3,4,0,1,3,2,3,2,1,3,2,5,4,3,4,5,3,4,4,3
927,2,0,0,3,4,2,1,1,3,5,2,3,0,4,3,2,1,2,3,3,2,5,4,3,4,3,4,5,4,3
928,4,1,0,2,2,2,0,3,3,4,3,3,0,1,3,2,2,1,2,2,1,4,5,4,4,3,4,4,5,4
929,3,0,0,2,2,2,0,3,3,4,3,5,1,2,2,1,2,1,2,2,1,4,5,4,5,4,3,4,5,4
930,3,0,0,2,3,2,0,3,1,3,3,2,0,3,2,2,1,2,1,3,2,2,4,4,3,2,4,3,4,3
931,2,0,1,2,5,2,1,4,1,4,2,2,1,2,4,3,3,2,2,3,2,3,4,3,2,4,3,4,3,5
932,3,0,0,2,3,1,0,1,1,3,2,2,1,1,2,2,3,2,4,4,4,3,3,2,3,2,4,3,5,3
933,1,0,1,1,5,2,1,4,1,2,3,2,1,3,4,3,2,2,3,3,2,3,4,4,5,4,5,2,3,2
934,3,1,1,2,1,2,0,3,1,3,3,2,1,2,3,2,2,2,2,4,3,3,4,4,3,4,3,4,3,2
935,3,0,0,3,5,3,2,1,1,3,3,2,0,2,1,3,2,2,3,3,3,2,4,5,5,5,4,5,4,5
936,1,0,0,2,2,1,0,3,1,2,2,2,1,2,4,2,2,3,2,2,3,3,5,2,3,2,3,2,3,4
937,1,1,0,2,5,2,0,3,1,3,3,2,1,1,4,3,3,2,3,4,3,2,4,2,3,3,4,3,2,4
938,3,0,0,2,5,2,0,3,1,4,4,2,0,4,4,3,4,3,4,4,3,3,4,2,3,3,4,3,2,4
939,2,0,0,2,3,1,0,3,1,3,3,2,1,3,3,2,1,3,4,4,3,4,5,2,3,4,2,4,4,3
940,2,1,0,2,1,2,0,3,1,3,2,2,1,1,5,4,3,2,3,4,3,2,4,2,3,4,2,1,2,1
941,2,0,0,2,4,2,1,3,1,3,2,2,0,1,2,2,3,2,2,4,4,3,2,2,3,4,3,4,3,4
942,2,1,0,2,5,2,0,1,1,3,2,3,1,1,3,1,3,2,2,3,4,3,4,2,3,2,3,2,4,3
943,2,0,0,1,3,1,0,1,1,3,3,4,0,4,2,3,2,3,1,4,3,2,3,4,2,4,5,2,4,4
944,2,0,0,2,1,1,1,4,1,4,2,2,1,1,5,4,3,4,2,4,3,2,4,2,3,2,4,5,4,3
945,1,0,1,2,5,2,1,4,1,3,3,2,1,1,4,3,4,3,4,4,3,1,2,2,3,2,3,2,1,3
946,4,1,1,2,5,2,1,1,1,3,4,2,1,4,2,4,3,2,4,4,3,2,4,2,3,2,1,2,3,4
947,2,0,0,2,5,2,1,4,1,2,2,2,1,1,5,4,3,4,3,3,4,3,4,3,4,3,2,3,4,4
948,3,1,1,2,3,1,1,5,1,2,3,3,1,1,4,3,2,4,1,4,3,2,3,3,2,4,2,3,4,5
949,2,0,1,2,5,2,1,4,1,3,3,2,1,3,5,4,3,4,3,3,2,3,2,1,2,3,2,3,4,3
950,1,0,0,2,3,2,1,4,1,4,2,2,0,4,5,4,4,3,4,4,3,2,4,2,3,4,3,5,3,5
951,3,0,1,2,3,2,0,4,3,3,4,4,1,1,3,1,1,2,1,2,1,3,5,3,5,4,5,4,5,4
952,3,0,1,2,2,2,2,3,3,4,2,3,1,1,3,2,1,1,1,3,1,4,5,4,3,5,5,4,5,5
953,3,0,0,2,4,2,0,3,3,3,1,4,1,1,2,2,1,2,1,3,2,5,4,3,5,5,4,5,4,5
954,3,0,1,2,1,2,0,3,2,5,2,3,1,1,3,1,2,1,2,1,2,5,3,5,5,5,5,5,4,5
955,3,0,0,2,5,1,0,4,3,4,2,4,1,1,3,2,1,1,1,1,3,5,4,5,4,5,5,5,5,5
956,4,0,0,1,2,1,0,3,3,3,4,3,1,1,3,1,2,1,2,2,1,4,5,3,5,4,5,3,5,4
957,4,1,1,2,2,2,0,3,2,4,2,3,1,1,3,1,1,1,2,1,1,4,5,5,5,4,5,5,4,5
958,4,1,1,2,2,2,0,4,4,4,4,4,1,1,1,3,2,1,1,2,3,5,5,5,3,5,5,5,5,4
959,3,0,0,2,2,2,0,4,2,5,3,4,1,1,2,1,2,1,2,2,1,3,4,4,5,4,5,3,5,4
960,4,1,1,2,2,2,1,4,5,4,1,4,1,1,3,2,1,2,2,2,1,4,5,4,5,4,5,5,5,4
961,3,1,0,1,3,2,1,4,3,4,2,3,1,1,2,1,1,2,1,3,1,4,5,3,5,5,5,5,5,4
962,3,0,1,2,3,2,2,3,2,5,5,3,1,1,3,1,1,2,1,2,1,4,5,5,5,3,5,5,4,5
963,3,0,0,1,2,1,1,4,4,3,2,3,1,1,3,2,1,2,3,2,1,5,5,4,5,4,3,5,4,5
964,4,1,1,3,4,2,0,3,4,3,4,3,1,1,3,1,1,2,1,2,1,5,4,4,5,3,5,4,5,5
965,3,1,1,2,2,2,0,4,4,4,2,4,1,1,3,2,2,1,1,1,2,4,3,5,5,4,5,4,1,5
966,3,0,0,2,2,1,0,4,2,4,2,4,1,1,3,2,2,2,1,3,1,4,5,4,5,5,4,5,4,5
967,3,0,0,3,2,1,1,4,2,2,2,3,1,1,3,2,2,3,1,1,1,4,5,5,4,5,5,5,4,5
968,2,1,1,2,2,2,1,4,3,3,3,3,1,1,1,1,2,1,1,1,1,4,5,4,5,5,4,5,5,5
969,3,1,1,2,1,1,0,3,3,4,4,3,1,1,2,1,1,2,1,3,1,5,4,4,5,5,5,5,4,5
970,4,1,0,2,5,1,0,5,2,3,1,4,0,1,3,3,3,2,2,2,2,5,4,4,5,4,5,5,4,5
971,2,0,1,2,2,2,1,4,3,4,4,4,1,1,3,1,1,2,1,3,1,5,4,5,3,5,5,5,4,5
972,3,0,1,3,3,2,0,2,4,4,4,4,1,1,3,1,1,1,2,1,3,5,3,3,5,4,3,5,3,4
973,2,0,0,1,3,2,1,3,3,5,5,3,1,1,2,3,1,1,1,2,1,4,5,4,5,5,5,4,5,5
974,3,1,0,2,3,2,0,2,3,4,3,3,1,1,1,3,1,1,2,1,2,5,4,4,5,5,5,3,3,4
975,3,0,1,2,2,2,1,4,3,5,5,3,1,1,1,3,2,1,1,1,1,3,5,3,5,5,4,5,5,4
976,3,0,0,2,3,1,0,4,2,5,1,4,0,1,2,1,2,1,1,2,1,4,5,3,5,5,4,5,4,5
977,3,0,0,2,3,1,0,4,2,5,1,4,1,1,3,2,1,2,1,3,1,4,5,3,5,4,5,4,5,5
978,2,0,1,2,3,1,0,3,3,4,2,4,1,1,2,1,1,1,2,1,2,5,4,4,5,5,4,5,5,5
979,3,0,1,2,2,1,0,3,3,4,4,3,1,1,3,2,1,1,2,2,1,5,5,4,4,5,5,5,4,4
980,3,0,0,3,3,2,2,3,3,5,2,3,1,1,1,3,1,2,1,2,1,4,5,4,5,4,5,4,5,5
981,3,0,1,2,2,1,1,4,3,5,5,3,1,1,3,1,2,1,2,1,2,5,4,5,4,5,4,5,5,4
982,2,1,1,1,2,2,2,3,2,3,3,3,1,1,3,1,2,1,1,2,1,3,5,4,5,4,5,5,5,4
983,4,0,0,2,4,2,0,5,3,5,3,2,1,1,2,1,2,1,2,3,3,3,4,5,5,5,5,5,4,5
984,3,0,0,2,3,2,1,3,3,5,3,3,1,1,2,1,1,1,1,2,2,5,5,4,5,5,4,5,5,5
985,3,0,1,2,1,2,0,4,3,5,4,3,1,1,3,1,2,1,1,2,1,4,5,3,5,5,4,5,5,5
986,3,1,1,2,2,2,0,3,2,3,3,3,1,1,2,1,1,2,1,3,1,5,4,4,5,5,4,5,5,4
987,4,0,1,2,4,2,0,3,4,5,3,3,1,1,2,2,2,3,1,1,1,4,3,3,5,4,3,4,4,3
988,3,0,1,2,3,2,0,3,3,5,3,3,1,1,3,2,1,1,1,2,1,5,4,5,3,5,4,5,4,5
989,3,0,0,2,3,2,0,3,4,4,3,3,1,1,3,1,2,1,1,2,1,4,5,4,5,5,5,4,5,5
990,3,1,0,3,3,2,2,1,4,4,4,3,1,1,3,2,1,2,1,1,3,5,4,5,4,5,3,5,4,5
991,4,0,0,2,2,1,0,3,2,5,1,3,1,1,3,2,1,1,2,3,1,4,5,3,5,5,4,5,5,4
992,3,0,1,2,2,2,0,4,2,2,3,4,1,1,3,2,2,1,2,1,1,4,5,4,5,3,4,5,5,4
993,3,1,1,2,2,2,1,4,4,4,2,3,1,1,3,1,2,1,1,2,1,5,4,3,4,5,5,4,5,4
994,3,0,0,2,2,2,0,3,3,3,3,3,1,1,3,2,1,2,1,2,1,4,5,4,3,5,3,5,4,5
995,4,1,1,3,2,2,1,4,4,4,2,3,1,1,2,2,1,1,1,3,2,5,4,4,5,5,4,5,5,4
996,3,0,1,2,2,1,1,3,3,5,3,3,1,1,2,2,1,1,1,1,1,4,5,5,5,5,5,5,5,4
997,2,0,1,2,3,1,0,3,3,5,3,4,1,1,3,1,3,2,1,1,1,5,4,4,3,5,5,4,5,5
998,2,0,1,2,3,2,0,3,4,4,4,3,1,1,3,2,1,3,1,2,1,4,5,4,5,3,5,5,4,5
999,2,0,1,2,3,2,0,3,4,4,3,3,1,1,3,2,1,3,1,2,1,5,5,4,5,5,5,4,4,5
1000,3,0,0,3,3,2,0,3,4,4,3,3,0,1,3,2,1,3,1,2,2,5,5,4,5,3,5,4,5,4
1001,4,0,1,3,3,2,1,5,3,5,3,4,0,1,3,2,3,2,1,3,2,3,5,3,4,5,4,3,4,5
1002,3,0,0,2,3,1,0,5,4,4,4,4,0,4,3,2,3,1,2,2,1,4,3,4,3,5,4,3,4,5
1003,3,1,0,1,2,1,0,1,4,4,3,2,0,1,3,2,1,2,3,2,3,4,5,4,5,4,3,4,3,3
1004,3,0,1,3,2,1,0,4,4,3,3,2,0,1,3,2,3,2,1,3,2,5,4,4,5,4,3,5,4,3
1005,4,0,1,3,1,1,0,3,3,5,2,2,0,1,3,2,3,2,3,3,2,3,4,3,4,5,4,5,4,5
1006,4,0,0,2,4,2,0,3,3,5,3,4,0,1,3,2,3,2,2,3,2,3,5,3,4,5,3,4,5,4
1007,2,0,1,4,1,1,0,4,4,3,3,4,0,4,3,2,1,2,3,2,1,4,5,4,5,4,4,5,4,5
1008,2,0,1,3,2,1,0,3,4,5,3,2,0,4,3,2,1,2,3,2,1,4,3,4,5,4,4,5,4,3
1009,2,0,1,3,1,1,0,3,4,5,3,4,0,1,3,2,3,1,2,2,6,5,4,4,5,4,3,5,4,5
1010,2,0,1,3,1,1,0,3,4,3,1,3,0,4,2,3,2,1,2,3,2,3,5,3,4,5,4,3,4,5
1011,2,0,1,3,2,1,0,3,4,2,2,4,0,4,3,2,3,2,3,2,3,5,4,4,3,4,3,4,3,4
1012,4,0,1,3,2,2,0,5,3,3,2,5,0,1,3,2,3,2,3,2,3,3,5,3,4,5,4,3,4,5
1013,3,1,1,2,2,1,0,3,3,4,3,3,0,1,3,2,1,2,1,2,1,5,5,5,5,4,3,4,5,4
1014,3,1,0,2,1,2,0,3,4,3,3,4,0,1,3,2,3,2,2,2,1,4,5,4,5,4,3,4,5,4
1015,2,0,0,2,1,1,0,3,4,5,1,5,0,1,3,2,3,2,1,2,3,4,5,3,4,3,5,4,3,5
1016,3,0,1,3,1,2,0,3,4,3,2,2,0,1,3,2,3,2,1,2,3,5,4,4,5,4,3,4,5,4
1017,2,0,1,2,1,2,1,2,4,3,4,4,0,4,3,2,3,2,1,2,3,4,5,5,5,4,3,4,4,3
1018,3,0,1,2,1,2,1,2,4,5,2,2,0,1,3,2,1,2,3,2,3,4,5,4,3,4,5,4,5,4
1019,3,1,1,2,1,3,0,4,2,4,3,1,0,1,3,2,3,2,1,2,1,4,5,4,4,3,4,5,4,5
1020,2,0,1,3,3,2,0,3,4,2,3,3,1,1,3,3,3,3,3,2,3,4,4,4,3,5,4,5,3,4
1021,2,0,0,2,4,1,0,3,4,5,2,1,0,4,3,2,3,2,3,3,2,3,4,3,4,3,5,4,3,5
1022,4,0,1,3,3,1,0,4,2,3,4,2,0,1,3,2,3,1,2,2,3,5,4,4,3,5,4,3,4,5
1023,2,0,0,2,1,2,0,3,4,5,3,2,0,4,3,2,3,1,2,3,2,5,4,3,4,5,4,3,4,5
1024,2,0,1,2,4,2,1,3,4,2,4,1,0,1,3,2,3,2,3,2,3,4,5,3,4,5,4,4,5,3
1025,4,0,0,2,2,1,0,4,2,4,2,2,0,4,3,2,3,2,1,3,2,3,4,4,5,4,5,4,5,4
1026,4,0,1,3,3,1,1,5,4,5,3,2,0,1,3,2,3,2,3,2,3,5,4,4,3,4,5,3,4,5
1027,3,0,1,2,4,2,2,4,2,4,2,2,0,1,3,2,3,1,2,2,3,4,5,3,4,5,3,4,5,3
1028,4,0,1,3,3,1,1,4,2,5,2,2,0,1,3,1,2,2,3,1,2,5,5,4,4,3,3,4,5,4
1029,3,0,1,3,1,3,1,1,4,5,2,5,0,1,3,2,3,2,1,2,3,4,5,4,3,4,5,4,3,4
1030,2,0,1,3,4,3,1,2,3,5,2,1,0,1,3,2,3,3,3,3,3,4,4,3,3,4,4,3,4,5
1031,3,0,1,3,3,2,2,5,1,2,1,1,1,1,3,2,3,2,1,2,3,4,5,3,4,5,4,3,5,5
1032,2,0,1,3,3,2,0,3,4,3,2,1,0,1,3,2,3,2,3,3,1,4,3,4,3,5,4,3,4,5
1033,2,0,1,3,1,1,0,2,2,2,1,3,1,1,3,2,3,1,1,3,2,3,5,4,3,4,5,4,5,4
1034,2,0,1,3,2,1,0,3,4,4,2,2,0,1,3,2,3,2,1,3,2,5,4,4,3,5,4,3,5,4
1035,3,1,0,2,1,2,0,5,2,5,3,5,0,4,3,2,3,1,2,3,2,3,4,4,5,4,4,5,5,5
1036,4,0,1,2,1,1,1,5,2,4,2,2,0,3,3,2,3,2,3,3,2,3,5,3,4,5,4,3,4,5
1037,2,1,1,2,2,1,0,3,4,3,4,4,0,1,3,3,3,2,1,2,3,4,5,4,3,5,4,3,4,5
1038,3,0,1,3,3,1,1,1,2,5,2,5,0,3,3,2,3,2,2,2,2,4,4,3,3,3,4,4,3,3
1039,3,1,0,2,3,2,0,2,2,3,4,4,0,1,3,2,3,3,3,3,3,3,3,5,4,5,4,3,4,3
1040,2,1,1,2,2,2,1,5,4,3,2,1,1,4,3,2,3,2,3,3,3,4,3,5,4,3,4,3,4,3
1041,3,1,1,3,3,2,1,4,3,2,1,3,1,4,3,3,2,2,3,2,2,3,3,5,5,5,4,4,3,3
1042,4,0,0,2,4,1,1,5,4,4,4,4,0,4,3,2,3,1,2,2,1,4,3,5,4,3,5,4,3,4
1043,2,0,1,4,4,1,1,3,4,5,3,4,0,4,2,3,2,3,2,2,3,4,3,4,3,4,3,4,3,4
1044,2,1,0,1,2,1,0,3,4,4,2,1,0,1,3,2,3,2,1,2,3,4,4,4,3,4,4,4,4,3
1045,2,1,1,2,1,3,0,3,3,3,3,4,0,1,3,2,3,2,1,3,2,3,5,3,4,3,4,5,4,3
1046,3,0,1,3,2,2,0,5,4,5,4,4,0,2,3,2,3,2,1,3,2,4,5,4,5,4,3,4,5,4
1047,4,0,0,3,4,1,0,3,2,4,4,4,0,4,3,2,3,2,1,2,1,4,5,4,3,4,3,5,4,3
1048,4,0,0,2,4,2,0,3,4,5,4,4,0,4,3,2,3,2,3,3,2,3,4,3,4,5,4,4,5,4
1049,4,0,1,4,4,2,1,4,2,4,2,1,0,1,3,2,3,2,1,3,2,5,4,4,5,4,3,5,4,5
1050,3,0,1,3,1,3,2,4,4,4,4,5,0,4,3,2,3,2,1,2,3,5,4,4,5,4,3,5,4,3
1051,2,0,1,3,1,2,0,5,4,4,2,3,0,1,2,2,2,2,2,2,2,5,4,2,1,1,1,1,2,2
1052,2,0,1,3,2,2,0,1,4,4,2,4,0,1,1,1,1,1,1,2,2,4,4,1,1,1,2,2,2,2
1053,2,0,1,3,1,2,0,3,3,4,3,3,0,1,2,2,2,2,2,2,2,4,4,2,2,2,2,2,2,2
1054,2,0,1,4,1,2,0,1,3,4,3,3,0,1,2,2,2,2,2,2,2,4,4,2,2,2,2,2,2,2
1055,3,0,1,3,2,2,0,5,4,4,2,4,0,1,2,1,2,2,2,2,2,5,4,2,2,2,2,2,2,2
1056,4,0,0,2,4,2,0,5,3,4,3,3,0,3,2,2,2,2,2,3,3,4,3,2,2,2,2,2,2,2
1057,4,0,1,3,3,4,2,1,3,4,3,3,0,4,4,4,4,4,4,2,2,4,3,2,2,2,2,2,2,2
1058,4,0,0,2,2,2,0,1,4,4,3,3,1,4,4,4,4,4,4,2,2,4,3,2,2,2,2,2,2,2
1059,3,1,1,3,1,2,0,1,3,4,2,3,0,1,1,1,1,1,1,2,2,4,5,2,2,2,2,2,2,2
1060,3,0,0,3,4,3,0,1,3,4,2,3,0,1,1,2,2,2,2,2,2,4,3,2,2,2,2,2,2,2
1061,2,0,0,2,2,2,0,4,3,3,3,3,0,1,2,2,1,2,2,2,2,4,4,2,2,2,2,2,2,2
1062,2,0,1,3,2,2,0,4,3,3,3,3,0,1,2,2,2,2,2,2,2,4,3,2,2,2,2,2,2,2
1063,2,0,0,2,2,2,0,1,3,4,2,3,0,1,1,2,2,1,2,2,2,4,4,2,2,2,2,2,2,2
1064,3,0,1,2,4,3,0,4,2,3,3,3,0,2,1,1,2,2,2,2,2,4,4,2,2,2,2,2,2,2
1065,2,0,0,3,1,2,0,1,4,4,3,4,0,2,2,2,2,2,2,2,2,4,4,2,2,2,2,2,2,2
1066,4,0,1,3,1,1,0,1,4,4,3,3,0,1,2,2,2,2,2,2,2,4,4,2,2,2,2,2,2,2
1067,3,0,0,2,2,2,0,4,3,4,2,3,0,2,2,2,1,2,2,2,2,4,5,2,2,2,2,2,2,2
1068,2,0,0,2,2,2,0,1,4,4,3,2,0,4,2,2,1,2,2,2,1,4,4,2,2,2,2,2,2,2
1069,3,1,0,2,4,3,0,3,4,4,3,4,0,1,2,2,2,2,2,2,2,4,4,2,2,2,2,2,2,2
1070,3,0,1,3,3,3,0,1,4,4,2,4,0,1,2,2,2,2,2,2,2,4,4,2,2,2,2,2,2,2
1071,3,0,1,3,1,2,0,1,3,3,3,4,0,4,2,2,2,2,2,2,1,4,4,2,2,2,2,2,2,2
1072,3,0,1,3,2,2,0,4,4,4,2,3,0,1,1,1,2,2,2,2,2,4,4,2,2,2,2,2,2,2
1073,3,0,0,2,2,2,0,1,4,4,3,3,0,1,2,2,2,2,2,2,2,4,4,2,2,2,2,2,2,2
1074,3,0,0,2,2,2,0,4,3,4,2,3,0,1,2,1,2,2,2,2,2,4,5,1,2,2,2,2,2,2
1075,4,0,1,3,2,2,0,1,4,4,3,3,0,1,2,2,2,2,2,2,2,4,4,2,2,2,2,2,2,2
1076,4,0,0,2,4,3,1,5,4,4,3,3,0,1,2,2,2,2,2,2,2,4,4,2,2,2,2,2,2,2
1077,2,0,1,3,2,2,0,4,3,3,2,3,0,4,2,1,2,2,2,2,2,5,4,2,2,2,2,2,2,2
1078,2,0,1,3,2,2,1,2,4,4,2,3,0,1,2,2,2,2,2,2,2,4,4,2,2,2,2,2,2,2
1079,3,1,1,2,4,3,0,3,4,4,3,4,0,1,1,1,1,1,1,2,2,4,4,2,2,2,2,2,2,2
1080,2,1,1,3,1,2,0,4,4,3,2,3,0,2,2,2,2,2,2,2,2,4,4,2,2,2,2,2,2,2
1081,2,1,0,2,4,3,1,4,4,3,2,4,0,4,2,2,2,2,2,2,2,4,4,2,2,2,2,2,2,2
1082,4,1,0,2,2,2,0,4,3,4,3,4,0,2,1,1,1,1,1,2,2,4,4,1,1,1,1,1,1,1
1083,2,1,0,2,4,3,1,5,4,3,2,4,0,3,1,1,1,1,1,2,2,4,4,2,2,2,2,2,2,2
1084,3,0,1,3,1,2,0,2,4,4,3,3,0,1,1,1,1,1,1,2,2,4,4,2,2,2,2,2,2,2
1085,2,0,1,3,1,2,0,3,4,3,2,3,0,2,1,2,2,2,2,2,1,4,4,1,2,1,2,2,2,2
1086,1,0,1,3,2,4,1,5,4,4,2,2,0,1,2,2,2,2,2,2,2,4,4,2,2,2,2,2,2,2
1087,2,1,0,2,4,3,1,4,3,3,2,4,0,1,1,1,1,1,1,2,2,4,5,1,1,2,2,2,2,2
1088,3,1,0,2,4,2,0,3,4,4,3,3,0,4,1,1,2,2,2,2,2,4,5,2,2,2,2,2,2,2
1089,3,0,0,2,4,3,1,2,4,3,2,4,0,3,1,1,1,1,1,2,2,5,4,2,1,1,1,1,1,2
1090,2,0,1,2,2,2,0,4,3,4,3,4,0,1,1,1,2,2,2,2,2,4,4,2,2,2,2,2,2,2
1091,3,0,1,2,1,2,0,2,3,4,3,2,0,1,1,1,1,1,1,2,1,5,5,1,2,2,2,1,1,1
1092,2,0,1,3,1,2,1,4,2,4,3,3,0,2,2,1,1,1,1,2,2,4,4,1,1,1,1,1,1,1
1093,4,0,0,2,3,2,1,5,3,4,3,3,0,1,1,1,1,1,1,2,2,4,4,1,1,2,2,2,2,2
1094,3,0,0,2,4,2,0,3,3,4,3,3,0,2,1,1,1,1,1,2,2,4,4,2,2,2,2,2,2,2
1095,4,0,0,2,4,3,1,1,4,4,2,2,0,1,2,2,2,2,2,2,2,4,4,2,2,2,2,2,2,2
1096,1,0,1,2,4,3,1,5,3,3,2,3,0,2,1,2,2,2,2,2,2,4,4,2,2,2,2,2,2,2
1097,2,0,0,2,4,3,1,1,4,4,2,4,0,1,1,1,1,1,1,2,2,4,4,2,2,2,2,2,2,2
1098,4,0,0,2,2,1,0,3,4,4,3,3,0,1,1,2,2,2,2,2,2,4,4,2,2,2,2,2,2,2
1099,3,0,0,2,4,2,0,3,3,4,3,4,0,1,1,1,1,1,1,2,2,4,4,2,2,2,2,2,2,2
1100,2,0,1,2,1,1,1,4,1,3,3,1,1,2,3,3,4,3,2,3,3,2,3,3,3,2,4,4,3,5
1101,1,0,1,2,1,1,1,4,1,3,3,4,1,3,3,3,2,3,2,3,2,3,3,3,3,4,3,2,3,4
1102,2,0,0,1,2,1,1,4,1,3,3,2,1,1,4,3,4,3,3,3,3,2,3,3,4,4,4,3,4,4
1103,2,0,1,2,1,1,1,5,2,3,2,3,0,1,5,4,3,4,3,3,3,2,3,3,3,2,3,4,3,3
1104,2,0,1,2,1,2,1,5,1,2,2,1,0,4,3,2,3,2,2,2,2,3,4,3,3,4,3,3,2,3
1105,2,0,1,3,1,1,1,5,1,2,2,2,1,4,3,3,4,3,4,3,4,3,4,3,3,2,3,3,4,3
1106,1,0,1,2,1,2,1,5,1,3,1,2,1,4,5,4,3,3,2,3,3,4,3,3,3,4,3,4,5,3
1107,2,0,0,1,2,1,1,5,1,2,2,2,1,2,4,4,3,4,3,4,3,2,3,3,3,4,3,2,3,4
1108,1,0,0,1,3,2,1,4,2,3,2,2,1,3,5,4,3,4,3,4,4,3,2,3,3,4,4,4,3,4
1109,2,0,0,1,3,2,1,5,1,2,2,2,1,2,4,5,4,3,3,4,3,2,1,2,3,2,2,3,4,3
1110,2,0,1,2,1,1,1,4,1,3,1,4,1,2,4,4,3,4,4,3,4,3,2,3,3,4,3,4,2,3
1111,1,0,1,1,1,2,1,4,1,2,2,3,1,4,5,4,3,4,3,4,3,2,3,3,3,2,3,2,3,4
1112,2,0,1,2,1,1,1,5,1,3,1,1,1,1,5,4,3,4,3,4,3,2,3,3,3,4,3,2,3,4
1113,1,0,1,2,1,2,1,4,1,3,3,2,1,4,4,3,3,2,3,2,3,3,2,3,3,4,3,2,3,4
1114,2,0,1,2,3,2,1,5,1,2,2,2,1,1,4,3,4,3,3,3,3,2,3,2,3,2,3,3,2,3
1115,1,0,1,2,1,1,1,4,1,3,2,4,1,2,3,3,2,3,1,3,2,3,5,3,3,2,3,4,3,5
1116,1,0,1,2,3,2,1,5,1,3,2,4,0,4,3,3,2,2,3,3,2,3,5,3,3,3,4,4,3,5
1117,2,0,1,2,1,2,1,5,1,2,2,4,1,4,4,3,4,3,2,3,2,3,4,2,3,3,4,3,3,4
1118,2,0,1,2,4,2,1,5,1,2,2,2,0,2,5,3,3,4,3,4,3,2,3,3,3,4,3,2,3,4
1119,3,0,1,2,4,2,0,5,1,4,2,3,0,2,2,3,2,2,3,3,2,3,5,3,3,4,4,4,5,3
1120,1,0,1,3,5,2,2,4,1,2,2,2,1,1,4,3,3,2,3,2,2,3,3,3,2,3,4,3,3,4
1121,2,0,1,2,4,2,1,5,1,2,3,2,1,1,3,3,2,3,2,3,2,3,3,3,3,2,3,2,3,3
1122,2,0,1,2,1,1,1,5,2,3,2,1,1,1,5,4,3,4,2,5,4,1,1,2,3,2,1,3,4,4
1123,1,0,1,2,5,4,1,4,1,2,2,4,1,4,4,3,4,3,2,4,3,2,3,3,3,4,3,4,3,3
1124,1,0,1,2,2,2,1,5,1,3,2,4,1,3,4,3,3,2,3,3,3,2,3,2,3,4,3,4,2,2
1125,2,0,1,1,4,2,1,5,1,2,2,2,1,4,3,4,3,4,4,3,4,3,2,2,3,2,3,2,1,3
1126,4,0,0,2,4,1,0,3,1,4,2,3,0,4,3,2,3,2,3,3,2,4,5,4,3,4,4,3,4,3
1127,1,0,1,2,1,1,1,4,2,3,2,3,1,1,3,3,3,2,3,3,4,3,4,3,3,4,3,2,3,4
1128,2,0,0,2,2,1,0,5,1,3,3,2,0,1,3,2,3,3,3,3,2,4,4,3,4,3,4,5,4,4
1129,2,0,1,2,5,3,1,4,1,5,3,2,0,2,2,2,1,3,2,3,3,4,3,3,4,3,4,3,4,4
1130,1,0,1,2,1,1,0,4,2,3,3,2,1,1,4,3,2,3,4,4,3,2,4,3,3,4,3,2,3,4
1131,2,0,1,4,5,3,1,4,1,4,3,2,1,1,4,3,4,3,2,4,3,2,4,3,2,3,3,4,2,5
1132,2,0,1,2,1,1,1,5,1,2,3,4,1,1,5,4,3,4,5,4,4,3,1,2,3,2,4,2,3,1
1133,2,0,1,2,4,4,1,5,1,2,2,2,1,4,5,4,3,5,4,3,3,2,3,4,4,3,3,4,4,5
1134,2,0,1,2,1,1,1,5,1,2,2,2,1,1,3,2,3,4,3,3,3,4,3,3,3,2,3,4,3,5
1135,2,0,1,3,5,3,0,3,1,3,3,2,1,2,3,2,3,2,1,3,3,4,5,3,4,4,3,4,3,4
1136,4,0,0,2,4,1,1,5,1,4,2,3,1,1,4,3,2,3,2,4,3,4,3,2,3,2,3,2,3,2
1137,2,0,1,2,2,2,1,5,1,3,3,2,1,1,4,3,4,3,2,4,3,2,4,2,3,2,3,2,3,2
1138,2,0,0,1,3,2,1,4,1,3,2,3,1,1,5,4,3,4,3,3,3,2,4,2,3,4,3,2,3,4
1139,4,0,0,1,3,1,1,4,2,2,3,3,1,4,2,3,3,2,3,4,3,2,3,3,2,4,1,3,4,4
1140,1,0,1,2,1,1,1,4,1,3,2,2,1,2,5,4,3,3,3,3,2,3,4,2,3,4,5,4,4,4
1141,1,0,1,2,3,1,1,5,1,2,2,2,1,4,3,4,3,2,3,2,3,2,3,3,4,2,3,2,2,3
1142,1,0,1,2,1,1,1,2,1,3,2,2,1,4,3,3,2,3,3,3,4,4,4,4,3,2,3,4,4,4
1143,2,0,1,2,3,2,1,5,1,2,2,2,1,4,5,4,3,4,3,4,3,2,3,3,3,2,3,4,3,4
1144,2,0,1,2,4,2,1,5,1,2,2,2,1,1,4,3,3,2,3,3,3,4,3,3,2,3,4,4,5,4
1145,2,0,1,2,1,2,1,5,1,3,1,2,1,3,3,3,2,3,2,3,2,5,3,3,4,3,4,3,4,5
1146,2,0,1,2,1,1,1,5,1,2,2,2,1,2,3,3,4,3,4,3,4,3,2,3,2,3,4,3,2,4
1147,1,0,1,2,1,1,1,4,1,3,2,4,1,1,4,3,4,3,4,3,4,2,3,3,3,2,3,4,4,3
1148,1,0,0,2,4,4,1,1,1,3,2,2,0,4,4,4,3,2,3,4,3,2,3,2,2,3,4,3,4,3
1149,1,0,0,1,1,1,1,4,1,2,2,2,1,2,3,3,2,3,3,3,3,3,4,4,5,4,3,2,2,3
1150,1,0,1,2,4,2,1,4,1,3,3,2,1,1,3,3,2,3,2,3,2,3,3,3,3,4,3,2,3,4
1151,2,0,1,2,2,2,2,4,3,4,2,2,1,1,2,1,2,1,2,2,1,4,5,1,2,1,2,1,2,1
1152,3,0,1,2,2,3,1,4,2,5,4,2,1,1,2,1,2,1,2,2,1,4,3,4,1,2,1,2,1,2
1153,3,0,1,2,2,1,2,4,2,3,3,2,1,1,2,1,2,1,2,2,1,4,5,4,1,2,1,2,1,2
1154,3,0,1,2,2,3,1,4,2,3,3,2,1,1,2,1,2,1,2,3,2,3,4,1,2,1,2,1,2,1
1155,3,0,1,2,1,2,1,4,2,5,3,2,1,4,3,3,2,3,2,3,4,3,4,3,4,1,2,1,2,1
1156,3,0,1,2,2,2,1,4,2,3,3,1,1,1,2,1,2,1,2,2,3,3,4,1,2,1,2,1,2,1
1157,2,0,1,2,2,1,1,4,1,3,1,2,1,3,2,1,2,1,2,3,2,3,4,1,1,1,1,1,1,1
1158,3,0,1,2,2,2,1,4,4,3,3,2,1,1,3,2,1,3,2,2,1,4,5,1,1,1,2,1,2,1
1159,3,0,1,2,2,3,1,4,2,3,4,2,1,4,2,1,3,2,3,3,2,3,4,1,2,3,3,2,3,2
1160,2,0,1,2,1,1,1,4,1,3,1,2,1,1,2,1,2,1,2,5,4,1,3,3,3,1,2,1,2,1
1161,3,0,1,2,3,2,2,4,4,2,1,3,1,4,2,1,2,1,2,3,3,4,3,1,2,1,2,1,2,1
1162,3,0,1,2,2,2,1,4,2,3,5,2,0,1,1,2,1,2,5,5,4,4,5,1,2,1,2,1,2,1
1163,3,0,1,2,2,2,1,4,2,3,3,2,1,1,2,1,2,1,2,2,1,4,5,1,2,1,2,1,2,1
1164,3,0,1,2,2,2,1,4,4,5,3,2,1,1,2,1,2,1,2,2,1,4,5,1,1,1,1,1,1,1
1165,3,0,1,2,2,2,2,4,2,3,4,3,1,4,5,4,2,1,2,5,4,1,2,1,2,1,2,1,2,1
1166,3,0,1,2,2,3,1,4,2,4,3,2,1,3,2,1,2,1,2,2,1,4,5,1,1,1,1,1,1,1
1167,3,0,1,2,2,2,2,4,2,4,3,2,1,1,2,1,2,1,2,2,1,4,5,1,1,1,1,1,1,1
1168,3,0,1,2,1,3,0,3,3,3,1,2,0,1,2,1,2,1,2,2,1,4,5,1,2,1,2,1,2,1
1169,3,0,1,2,2,2,2,4,2,4,4,2,0,1,3,2,1,3,2,3,2,5,4,1,1,1,1,1,1,1
1170,3,0,0,2,3,2,0,3,4,5,3,2,0,1,2,1,2,1,2,2,1,4,5,1,1,1,1,1,1,1
1171,3,0,1,2,2,2,1,4,2,3,3,2,1,3,5,4,5,4,3,2,1,4,4,1,2,1,2,1,2,1
1172,3,0,1,2,2,2,2,4,2,3,3,2,1,1,2,1,2,1,2,2,1,4,5,1,1,1,1,1,1,1
1173,3,0,1,3,1,1,0,3,2,3,3,2,0,1,2,1,2,1,2,2,1,4,5,1,2,1,2,2,1,3
1174,3,0,1,3,1,1,0,3,2,3,3,2,0,1,2,1,2,1,2,2,1,4,5,1,2,1,2,2,1,3
1175,4,0,1,3,1,1,0,4,4,4,4,2,1,1,2,1,2,1,2,2,1,4,5,5,1,2,1,2,1,2
1176,3,0,1,2,2,2,1,4,2,3,3,2,1,1,3,2,1,3,2,3,2,5,4,1,2,1,2,1,2,1
1177,3,0,1,2,2,2,1,4,2,4,4,2,1,2,5,3,2,2,3,3,2,3,4,1,1,1,1,1,1,1
1178,2,0,1,2,2,2,0,5,3,4,2,2,1,1,3,2,3,2,3,2,1,4,5,1,1,1,1,1,1,1
1179,3,1,1,2,2,2,1,4,2,3,3,2,1,4,5,4,5,4,5,1,2,5,4,1,2,1,2,1,2,1
1180,3,0,1,2,2,2,1,4,2,3,3,2,1,1,3,2,3,1,2,3,2,5,4,1,2,1,2,1,2,1
1181,3,0,1,2,2,3,2,4,2,3,3,2,1,1,2,1,2,1,2,2,1,4,5,1,2,1,2,1,2,1
1182,3,0,1,2,2,2,1,4,2,3,3,3,1,3,2,1,2,1,2,2,1,4,5,1,2,1,2,1,2,1
1183,4,0,1,2,1,2,2,3,3,5,3,2,1,1,2,1,3,3,2,3,2,3,4,2,2,1,2,1,2,1
1184,3,0,1,2,2,2,1,4,2,5,1,2,0,1,2,1,2,1,2,2,1,4,5,4,5,1,2,1,2,1
1185,3,0,1,2,2,2,1,4,2,5,3,2,1,4,2,1,2,1,2,2,3,4,3,1,2,1,2,1,2,1
1186,1,0,1,2,2,2,1,4,3,4,2,2,1,4,2,1,2,1,2,2,1,4,5,1,1,1,1,1,2,1
1187,3,0,1,2,2,2,2,4,2,5,3,2,1,3,3,2,1,2,2,2,1,4,5,1,1,2,1,2,1,2
1188,3,0,1,3,2,2,1,4,2,4,4,2,1,1,3,2,1,2,1,2,1,4,5,1,1,1,1,1,1,1
1189,3,0,1,2,2,2,1,4,2,3,3,2,1,1,1,2,1,2,1,2,1,4,5,4,1,2,2,1,2,3
1190,3,0,1,2,2,3,2,4,4,4,2,2,1,3,2,1,2,3,2,3,4,4,3,1,2,1,2,1,2,1
1191,3,0,1,2,2,2,1,4,2,3,3,2,1,1,3,2,1,2,1,2,1,4,5,1,2,1,2,1,2,1
1192,3,0,1,2,2,2,2,4,2,4,2,2,1,1,3,2,1,2,3,3,2,3,4,1,2,1,2,1,2,1
1193,3,1,0,1,2,1,2,3,4,3,4,2,1,1,2,1,2,1,2,2,1,4,5,1,2,1,2,1,2,1
1194,4,0,1,3,2,3,1,3,4,3,3,2,1,1,2,1,2,1,2,3,2,5,3,1,2,1,2,1,2,1
1195,3,0,1,2,2,2,1,4,2,4,4,2,1,1,3,2,3,2,3,2,1,4,5,1,2,1,2,1,2,1
1196,3,0,0,2,3,2,1,4,2,3,3,2,1,4,2,1,2,1,2,2,1,4,5,1,2,1,2,1,2,1
1197,3,0,1,2,2,2,2,4,2,3,3,2,1,1,3,2,1,2,1,2,1,4,5,1,2,1,2,1,2,1
1198,3,0,1,2,2,2,1,4,2,3,3,2,1,1,2,1,2,1,2,2,1,4,5,1,1,1,1,1,1,1
1199,2,0,1,2,1,2,1,4,3,4,2,2,1,1,2,1,2,1,2,2,3,4,3,1,2,1,2,1,2,1
1200,2,0,1,2,2,1,1,4,3,2,3,2,1,1,2,1,2,1,2,2,3,4,3,3,1,1,2,1,2,1
1201,3,0,1,3,1,3,0,5,3,4,2,2,0,1,3,2,4,2,4,2,2,5,3,1,1,1,1,1,1,1
1202,1,0,1,3,1,3,0,4,2,4,3,2,0,1,3,3,4,5,2,2,2,5,4,1,1,1,1,1,1,1
1203,1,0,0,2,1,3,1,4,1,5,5,3,0,1,3,3,3,3,3,1,1,5,5,1,1,1,1,1,1,1
1204,3,0,1,3,1,2,1,4,2,4,3,1,0,1,3,2,1,2,1,2,1,3,3,1,1,1,1,1,1,1
1205,3,0,1,3,4,3,1,4,3,4,3,4,0,1,2,3,3,1,2,2,4,4,3,1,1,1,1,1,1,1
1206,1,0,1,3,3,3,1,4,3,4,3,4,0,2,3,2,1,2,5,2,3,5,3,1,1,1,1,1,1,1
1207,4,0,1,3,4,3,1,4,2,4,4,4,0,2,2,3,1,2,3,2,3,4,5,1,1,1,1,1,1,1
1208,1,0,1,3,4,3,1,3,3,4,3,4,0,2,2,3,2,3,1,2,3,4,5,1,1,1,1,1,1,1
1209,3,1,0,2,4,3,1,5,4,4,3,3,1,4,5,2,2,2,2,3,3,3,3,1,1,1,1,1,1,1
1210,3,0,1,2,3,3,1,3,3,4,4,4,0,3,2,2,1,2,1,2,3,5,3,1,1,1,1,1,1,1
1211,4,0,1,3,2,3,0,5,3,4,2,3,0,3,3,2,3,1,3,3,2,5,3,1,1,1,1,1,1,1
1212,4,0,1,2,2,3,0,5,3,4,3,3,0,2,3,2,3,1,2,2,3,5,3,1,1,1,1,1,1,1
1213,3,0,0,2,4,2,1,5,3,4,3,4,0,4,1,1,2,1,2,2,1,4,5,1,1,1,1,1,1,1
1214,4,0,1,2,2,2,1,5,3,4,3,2,0,3,1,2,3,2,2,2,2,5,3,1,1,1,1,1,1,1
1215,3,0,1,3,3,3,1,4,3,4,4,4,0,3,2,1,1,2,1,3,2,5,3,1,1,1,1,1,1,1
1216,1,0,0,2,2,3,0,2,3,5,3,4,0,3,1,1,1,2,3,2,2,5,3,1,1,1,1,1,1,1
1217,3,0,1,3,1,3,1,4,3,4,3,4,1,2,1,2,2,2,1,2,2,5,3,1,1,1,1,1,1,1
1218,4,0,1,3,2,3,1,4,3,5,3,4,0,4,1,2,2,3,3,2,3,4,3,1,1,1,1,1,1,1
1219,4,0,0,2,4,3,1,5,3,4,3,4,0,3,1,2,1,2,1,2,1,4,4,1,1,1,1,1,1,1
1220,4,0,0,2,4,3,1,4,3,4,2,3,0,3,2,1,2,1,2,3,2,3,5,1,1,1,1,1,1,1
1221,3,0,1,2,1,3,1,5,3,4,3,4,0,3,1,2,2,1,3,1,2,5,3,1,1,1,1,1,1,1
1222,3,0,0,2,3,3,0,4,3,4,4,3,0,2,1,3,1,2,1,3,2,5,4,1,1,1,1,1,1,1
1223,4,0,1,3,1,3,0,5,3,5,4,4,0,3,1,3,2,1,3,3,2,4,5,1,1,1,1,1,1,1
1224,4,1,0,2,3,3,1,3,4,5,3,4,0,3,1,2,3,1,3,1,2,3,5,1,1,1,1,1,1,1
1225,3,0,0,2,2,3,1,2,4,5,3,4,0,2,1,2,3,3,1,1,3,5,3,1,1,1,1,1,1,1
1226,3,0,1,2,4,3,1,2,4,5,4,5,0,3,1,2,1,2,3,1,3,5,4,1,1,1,1,1,1,1
1227,4,0,0,2,2,2,1,2,3,4,5,4,0,3,1,2,1,2,3,3,2,4,5,1,1,1,1,1,1,1
1228,3,0,0,2,3,3,1,3,4,4,3,4,0,2,1,2,1,2,1,2,2,5,3,1,1,1,1,1,1,1
1229,4,0,1,3,3,3,1,3,4,5,3,4,0,3,1,2,2,1,3,1,3,5,3,1,1,1,1,1,1,1
1230,4,1,1,2,2,4,0,4,3,5,3,4,0,3,4,1,2,3,1,2,1,4,3,1,1,1,1,1,1,1
1231,2,0,0,2,3,3,1,2,3,4,4,4,0,3,1,2,3,1,2,2,3,4,5,1,1,1,1,1,1,1
1232,4,1,1,2,2,2,0,3,3,4,3,4,0,3,4,1,2,3,2,2,3,4,4,3,1,1,1,1,1,1
1233,3,1,0,2,2,1,0,3,3,5,3,4,0,3,1,2,3,2,2,2,3,4,3,1,1,1,1,1,1,1
1234,3,0,0,2,4,3,1,2,4,5,3,4,0,4,1,2,3,2,2,2,2,5,3,1,1,1,1,1,1,4
1235,1,0,0,2,2,2,1,3,3,4,2,3,0,4,1,2,2,1,3,3,2,4,3,1,1,1,1,1,1,1
1236,4,0,0,2,3,3,0,2,3,5,3,3,0,3,2,3,2,2,3,3,2,3,4,1,1,1,1,1,1,1
1237,3,0,0,2,2,2,0,3,3,5,3,4,0,3,2,3,2,3,2,2,3,4,4,1,1,1,1,1,1,1
1238,3,0,0,2,3,3,0,3,4,5,3,4,0,3,2,3,2,3,1,2,3,4,3,1,1,1,1,1,1,1
1239,3,0,1,2,3,3,0,3,3,5,3,4,0,3,3,3,2,3,2,2,3,4,3,1,1,1,1,1,1,1
1240,3,0,1,2,2,2,0,3,3,4,4,3,0,3,2,2,3,2,3,2,1,5,3,1,1,1,1,1,1,1
1241,3,0,0,2,2,2,0,3,4,5,3,4,0,3,2,2,3,2,2,2,3,4,3,1,1,1,1,1,1,1
1242,3,0,0,2,3,2,0,2,3,4,3,4,0,3,2,3,2,2,1,2,3,4,3,1,1,1,1,1,1,1
1243,3,0,1,2,3,3,1,2,3,4,4,4,0,3,2,1,2,3,2,3,2,3,4,1,1,1,1,1,1,1
1244,3,0,1,3,3,3,1,3,3,5,3,3,0,4,3,2,2,3,2,3,2,3,3,1,1,1,1,1,1,1
1245,4,0,1,3,2,2,1,5,3,4,3,3,0,3,1,2,1,3,2,3,2,4,3,1,1,1,1,1,1,1
1246,4,0,1,2,2,2,0,2,3,4,3,4,0,3,2,2,1,2,1,3,3,4,4,1,1,1,1,1,1,1
1247,3,0,0,2,4,2,0,4,3,5,3,4,0,3,2,2,1,2,1,3,2,3,4,1,1,1,1,1,1,1
1248,4,0,0,2,3,2,0,2,3,4,3,3,0,3,3,2,3,2,3,5,5,1,1,1,1,1,1,1,1,1
1249,3,1,0,2,3,2,0,2,3,4,3,4,0,3,1,3,2,2,1,2,2,3,4,1,1,1,1,1,1,1
1250,3,0,0,2,4,2,1,5,3,4,3,3,0,3,1,2,1,2,3,3,2,4,4,1,1,1,1,1,1,1
1251,3,0,0,3,5,5,2,2,3,5,5,5,1,4,3,2,3,2,1,3,2,4,4,3,3,4,5,5,4,5
1252,3,0,0,3,3,3,0,2,2,3,2,4,0,1,3,2,3,2,1,1,1,5,5,4,4,4,3,3,4,4
1253,3,1,0,2,3,3,0,2,5,3,4,3,0,1,3,2,3,3,3,2,3,4,3,4,3,4,5,4,4,5
1254,3,1,0,3,4,3,0,2,4,4,3,4,1,4,3,3,2,2,3,2,2,4,4,3,3,3,4,4,3,4
1255,4,0,1,2,4,2,0,5,3,5,3,3,0,1,3,2,3,2,3,2,3,4,5,4,3,4,5,4,3,4
1256,4,0,0,3,4,4,0,4,3,5,4,3,0,1,3,2,3,2,1,2,1,4,5,4,3,4,4,3,4,5
1257,3,1,0,4,5,5,2,1,2,5,5,4,1,1,3,2,1,3,1,1,2,5,4,5,4,5,4,4,5,4
1258,3,1,0,3,4,4,1,2,2,5,3,3,0,1,3,2,3,2,3,2,3,4,3,4,4,5,4,4,3,4
1259,3,1,0,3,5,5,0,2,4,5,3,5,0,1,3,3,2,2,2,2,3,4,5,4,3,4,5,4,4,5
1260,4,1,0,3,4,4,2,1,2,3,4,2,0,1,3,2,3,2,1,2,1,4,5,4,5,4,3,4,5,4
1261,4,1,1,2,4,3,0,5,2,4,4,5,0,1,3,2,3,2,2,2,1,4,5,4,5,4,5,4,5,4
1262,4,0,0,3,5,4,2,4,2,4,2,3,0,1,3,2,1,2,2,2,2,4,4,4,3,3,3,4,4,4
1263,3,1,0,2,3,3,0,2,4,5,3,4,0,1,3,3,3,3,3,2,2,3,3,5,4,3,4,5,4,3
1264,4,0,0,3,5,5,0,4,3,3,3,4,0,1,3,2,3,2,3,3,2,5,5,3,4,3,4,3,4,4
1265,3,0,0,2,1,2,1,4,4,5,3,3,0,4,3,2,1,2,2,2,2,4,5,4,4,3,4,5,4,5
1266,3,0,1,2,4,2,0,2,4,5,3,4,0,1,3,2,3,2,1,3,2,5,4,3,4,5,4,3,4,5
1267,5,1,1,2,5,3,0,2,2,4,3,3,1,2,3,3,4,4,2,2,1,5,5,5,5,5,5,5,5,5
1268,3,0,0,3,4,3,0,2,4,4,4,4,0,1,3,3,3,3,2,2,3,4,4,5,5,5,4,4,4,3
1269,2,0,0,3,3,2,0,4,3,5,3,4,0,1,3,2,1,2,1,2,2,5,4,4,5,5,4,5,4,5
1270,4,0,0,3,5,5,2,1,3,5,3,4,1,1,3,2,3,2,1,2,3,3,3,3,4,3,4,3,3,4
1271,4,0,1,2,4,4,1,2,3,5,3,3,0,1,3,2,3,2,1,3,2,5,4,3,4,3,4,5,4,3
1272,3,1,0,2,1,1,0,1,2,4,4,3,1,1,2,1,2,3,2,2,3,4,5,4,3,4,5,4,3,4
1273,4,1,0,2,5,5,0,3,3,4,4,3,0,1,3,2,3,2,1,2,1,4,3,5,4,3,4,5,4,3
1274,3,1,1,2,4,2,0,5,2,4,2,4,0,1,3,2,3,2,3,2,1,5,4,4,3,4,5,4,4,4
1275,2,0,0,3,3,2,0,2,2,3,2,5,0,1,3,2,3,2,1,2,3,4,5,5,4,5,4,5,4,4
1276,2,1,1,2,4,3,0,5,3,5,5,4,0,1,3,2,1,2,3,2,1,4,3,5,4,3,4,5,4,3
1277,4,0,0,3,5,5,2,1,3,4,4,4,0,1,3,2,3,2,1,2,1,4,3,4,5,4,5,4,3,4
1278,2,1,0,3,5,4,1,2,2,5,3,3,0,1,3,2,3,2,1,3,2,3,4,4,3,4,5,5,3,4
1279,3,0,1,2,5,3,1,5,4,5,3,5,0,1,3,2,1,2,3,2,1,4,5,4,5,4,5,4,5,5
1280,3,1,0,2,4,3,1,1,4,5,3,5,0,1,3,2,1,2,1,2,1,3,4,4,3,5,3,5,4,5
1281,3,1,0,3,5,5,1,1,4,4,2,4,0,1,3,2,3,2,1,2,3,4,5,3,4,5,4,3,4,5
1282,2,1,1,2,3,2,0,2,4,5,3,4,0,1,3,2,1,2,3,1,2,3,5,4,3,5,4,3,4,5
1283,4,1,0,2,4,3,0,5,3,3,5,4,1,1,2,1,2,1,1,2,1,4,5,4,5,4,5,4,5,4
1284,4,0,1,2,2,1,0,1,3,4,4,2,0,1,3,2,2,2,2,2,2,3,4,4,5,4,5,4,5,4
1285,4,0,1,2,2,1,0,5,3,4,4,4,0,4,3,2,1,2,1,3,2,5,4,4,5,4,5,4,4,5
1286,5,1,0,3,4,4,0,5,2,4,5,3,0,1,3,2,3,2,1,2,3,5,4,4,5,4,3,4,5,4
1287,3,1,1,2,4,3,2,2,2,3,4,3,1,1,3,2,3,2,1,2,1,3,4,5,4,3,4,5,4,3
1288,4,0,1,2,3,3,1,5,3,4,4,2,0,1,3,2,3,2,3,2,2,3,4,4,5,4,4,5,4,5
1289,3,1,1,2,3,2,1,2,2,4,4,2,0,1,3,2,3,2,1,3,2,5,4,4,5,4,3,4,5,4
1290,2,1,0,3,4,3,0,3,4,3,4,3,0,1,3,2,1,2,2,2,1,4,3,4,5,4,3,4,5,4
1291,4,1,0,4,5,5,2,5,2,3,4,3,0,1,3,2,1,2,3,2,3,5,4,4,5,4,5,4,3,4
1292,4,0,1,3,2,2,0,5,3,5,2,2,0,1,3,2,3,2,1,3,2,5,4,3,4,5,4,3,4,5
1293,4,0,1,2,3,3,1,5,3,3,4,2,0,1,3,2,3,2,1,3,2,5,4,3,4,5,4,3,4,5
1294,4,1,0,3,4,3,1,1,2,4,2,1,0,1,3,2,3,2,1,2,1,4,3,4,5,3,4,5,4,3
1295,3,1,1,2,5,5,0,1,3,5,3,1,1,1,2,2,2,2,1,1,1,3,3,4,4,3,3,3,3,4
1296,4,0,1,2,3,3,0,5,3,4,2,3,0,1,2,1,2,1,2,2,1,4,3,4,5,4,3,4,5,4
1297,4,0,1,2,4,3,0,5,3,4,3,2,0,2,2,2,1,2,3,1,2,3,4,5,4,3,3,5,4,5
1298,4,0,1,2,5,3,1,5,3,4,4,4,0,1,2,2,1,2,1,2,1,4,5,4,4,5,4,5,4,4
1299,4,0,1,2,2,1,0,1,3,4,3,2,0,1,3,2,3,2,1,2,3,5,4,4,3,5,4,3,4,5
1300,3,0,1,2,1,1,0,4,4,5,3,4,0,1,3,2,3,2,3,3,2,5,4,3,4,4,3,4,5,4
1301,4,0,1,2,2,1,0,5,3,4,4,3,0,1,3,2,1,2,3,2,3,5,4,3,4,5,4,3,4,5
1302,4,0,0,2,4,3,1,5,3,4,4,3,0,4,2,2,1,2,1,2,1,4,5,4,5,4,3,4,5,4
1303,4,0,1,2,2,2,0,5,3,5,3,3,0,1,3,2,1,2,3,2,3,4,5,4,5,4,5,4,5,4
1304,4,0,0,3,2,1,1,5,3,5,4,3,0,1,3,2,1,2,3,2,1,4,5,4,4,4,5,4,3,4
1305,4,0,1,2,4,2,1,5,4,5,3,2,0,1,3,2,1,2,2,3,2,3,4,4,4,5,4,5,4,4
1306,1,0,1,2,5,5,2,5,2,5,3,4,0,1,2,2,3,2,3,2,2,3,3,4,4,3,3,4,4,5
1307,4,0,1,2,2,1,0,5,3,4,4,5,0,1,3,2,1,2,3,2,1,4,5,4,5,4,5,4,5,4
1308,4,0,1,2,2,1,0,5,3,4,4,3,0,1,3,2,3,2,1,2,1,4,5,4,5,4,5,4,5,4
1309,4,1,1,2,3,4,1,5,2,4,4,4,0,1,2,3,2,1,2,2,3,4,5,4,3,4,5,4,3,4
1310,4,0,1,1,2,1,0,5,3,4,4,4,0,4,3,2,1,2,1,2,3,4,3,4,5,4,3,4,4,3
1311,3,0,1,2,2,1,0,1,4,5,3,2,0,1,3,2,1,2,3,2,1,4,3,4,5,4,3,4,5,4
1312,4,0,0,2,5,4,1,5,3,4,4,3,0,1,3,2,1,2,3,2,1,4,5,4,5,4,3,4,5,4
1313,3,0,0,2,3,2,1,5,4,5,3,4,0,4,3,2,1,2,1,2,1,4,5,3,4,5,4,5,4,5
1314,3,0,1,2,4,2,1,4,3,4,2,2,1,1,2,1,2,1,2,2,1,4,5,4,5,4,5,4,5,4
1315,3,0,0,2,2,3,1,4,2,5,3,2,1,1,2,1,2,1,2,2,1,4,5,4,5,4,5,4,5,4
1316,3,0,0,2,3,2,2,4,2,3,3,2,1,1,3,3,2,3,3,2,1,4,5,4,3,4,3,5,3,4
1317,3,0,0,2,3,2,2,4,4,5,3,2,1,1,3,2,1,3,2,3,2,5,4,4,5,4,5,4,5,4
1318,3,0,0,2,2,2,1,4,2,3,3,2,1,1,3,2,1,2,1,2,1,4,5,4,5,4,5,4,5,4
1319,2,1,0,2,2,2,0,4,3,5,3,2,1,1,2,1,2,1,2,2,1,4,5,4,5,4,5,4,5,4
1320,3,0,1,2,4,3,1,3,4,5,3,2,0,1,2,1,2,1,2,2,1,4,5,4,5,4,5,4,5,4
1321,3,0,1,2,4,2,1,2,4,5,3,2,1,1,3,2,1,2,1,2,1,4,5,4,5,4,5,4,5,4
1322,3,0,0,2,2,3,2,4,3,3,3,2,1,1,2,1,2,1,2,2,1,4,5,4,5,4,5,4,5,4
1323,3,0,0,2,2,2,1,4,2,3,3,2,1,1,3,2,1,2,1,2,1,4,5,4,5,4,5,4,5,4
1324,3,1,0,2,2,3,2,4,2,4,4,2,1,3,2,1,2,1,2,2,1,4,5,4,5,4,5,3,3,4
1325,3,0,0,2,4,2,1,4,3,4,3,2,1,1,1,2,1,2,1,2,1,4,5,4,5,4,3,4,5,4
1326,2,0,1,2,2,3,1,3,3,4,2,2,0,1,3,2,1,3,2,2,1,4,5,4,5,4,5,4,5,4
1327,3,0,1,2,4,2,0,4,3,5,3,2,0,1,2,1,2,1,2,2,1,4,5,4,5,4,5,4,5,4
1328,3,0,0,2,2,2,2,4,3,4,2,2,1,1,1,2,1,2,1,2,1,4,5,5,4,5,4,5,4,5
1329,3,0,0,2,2,3,1,4,2,3,3,2,1,1,2,1,2,1,2,2,1,4,3,4,5,3,4,5,4,3
1330,3,0,0,2,4,3,1,3,3,5,4,2,0,1,2,1,2,1,2,2,1,4,5,5,4,2,4,5,4,5
1331,3,1,0,2,3,3,2,4,3,4,2,2,1,4,2,1,2,1,2,2,1,4,5,4,5,4,5,4,5,4
1332,3,0,0,2,4,3,1,2,1,5,4,4,1,3,3,2,2,2,2,2,2,4,4,4,5,2,3,4,4,4
1333,3,0,0,2,2,2,1,4,3,4,4,2,1,1,2,1,2,1,2,2,1,4,5,4,5,4,5,4,5,4
1334,3,1,0,2,4,3,2,4,2,3,3,2,1,3,2,1,2,1,2,2,1,4,5,4,5,4,5,4,5,4
1335,4,0,0,2,2,2,1,3,3,4,4,2,1,1,2,1,2,1,2,2,1,4,5,4,5,4,5,4,5,4
1336,3,0,0,2,2,3,2,4,2,3,3,2,1,1,2,1,2,1,2,2,1,4,5,4,5,4,5,3,4,5
1337,3,0,0,2,2,2,1,4,3,5,3,2,1,1,2,1,2,1,2,2,1,4,5,5,4,5,4,5,4,5
1338,3,1,0,2,2,3,2,4,2,3,3,2,1,1,2,1,2,1,2,2,1,4,5,4,5,4,5,4,5,4
1339,4,0,1,2,4,1,1,4,3,4,4,2,1,1,2,1,2,1,2,2,1,4,5,4,3,4,3,4,4,5
1340,3,0,0,3,2,2,0,3,3,4,4,2,1,1,2,1,2,1,2,2,1,4,5,5,4,5,3,5,4,5
1341,2,0,0,2,2,3,1,3,3,4,4,2,1,1,3,2,1,3,2,3,2,5,4,3,4,5,4,5,4,5
1342,3,0,0,2,2,3,2,4,2,3,3,2,1,1,2,1,2,1,2,2,1,4,5,4,5,4,3,4,5,4
1343,3,0,0,2,3,2,2,4,2,4,4,2,1,1,3,2,1,2,1,2,1,4,5,4,5,4,5,4,5,4
1344,3,0,0,2,2,2,2,4,2,5,2,2,0,1,1,2,1,2,1,2,1,4,5,4,5,4,5,4,5,4
1345,3,0,0,2,3,2,2,4,3,4,4,2,0,1,2,1,2,1,2,2,1,4,5,4,5,4,5,4,5,4
1346,3,0,0,2,3,2,2,4,2,3,3,2,1,1,3,2,1,3,2,2,1,4,5,4,5,4,5,4,5,4
1347,3,0,0,2,3,2,2,4,2,5,3,2,1,1,2,1,2,1,2,3,2,5,4,3,4,4,5,4,3,4
1348,3,0,0,2,2,2,2,4,2,3,3,2,0,1,3,2,1,3,2,3,2,5,4,3,4,4,3,4,5,4
1349,4,0,1,2,3,2,0,3,4,4,4,2,0,1,2,1,2,1,2,2,1,4,5,4,5,4,5,4,5,4
1350,2,0,0,2,2,2,1,3,3,5,3,2,0,3,2,1,2,1,2,3,2,3,4,5,4,5,4,5,4,5
1351,3,0,0,2,2,2,1,3,4,5,5,2,0,1,2,1,2,1,2,2,1,4,5,5,4,5,4,5,4,5
1352,3,0,0,2,2,3,1,4,3,4,3,2,1,1,2,1,2,1,2,1,2,5,4,5,4,5,4,5,4,5
1353,3,0,1,2,2,3,1,4,3,4,4,2,0,1,2,1,2,1,2,2,1,4,5,5,5,5,5,5,5,5
1354,3,1,0,2,1,2,1,4,2,5,3,2,0,1,2,1,2,1,2,2,1,4,5,4,5,4,5,4,5,4
1355,2,0,1,3,5,3,0,3,2,5,3,4,0,1,4,4,3,2,1,1,4,3,4,5,4,5,4,5,4,5
1356,2,0,1,2,4,2,1,3,2,4,3,4,1,1,2,1,2,1,2,2,1,4,5,5,3,5,3,4,4,5
1357,3,0,0,2,2,2,2,4,2,5,4,2,1,1,1,2,1,2,2,2,1,4,5,4,5,4,5,4,5,4
1358,3,0,1,2,4,2,0,3,4,5,3,2,1,1,2,1,2,1,2,2,1,4,5,4,5,4,5,4,5,4
1359,3,0,1,2,2,3,2,4,3,5,3,2,1,1,2,1,2,1,2,2,1,4,5,4,5,4,5,4,5,4
1360,2,0,0,2,2,2,1,4,3,4,2,2,1,1,3,2,1,2,1,2,1,4,5,4,5,4,5,4,5,4
1361,3,0,0,2,2,2,2,4,2,3,3,2,1,1,2,1,2,1,2,2,1,4,5,3,4,4,5,4,5,4
1362,3,0,0,3,1,2,0,4,3,4,2,2,1,1,2,1,2,1,2,3,2,3,4,5,4,5,4,5,4,4
1363,3,0,0,2,2,3,1,4,2,3,3,2,1,1,2,1,2,1,2,3,2,3,4,5,4,5,4,5,4,5
1364,3,0,0,2,2,2,1,4,2,4,2,2,0,1,2,1,2,1,2,2,1,4,5,4,5,4,5,3,4,5
1365,2,0,1,2,5,4,2,4,3,5,3,3,0,1,4,4,2,4,2,3,1,3,5,4,3,2,3,3,2,5
1366,3,1,1,2,2,2,2,4,2,5,3,2,1,1,2,1,2,1,2,2,1,4,5,4,5,4,5,4,5,4
1367,3,0,0,2,3,2,2,4,4,5,3,2,1,1,3,2,1,2,1,2,1,4,5,4,5,4,5,4,5,4
1368,3,0,0,2,2,2,2,4,2,3,3,2,0,1,2,1,2,1,2,2,1,4,5,4,5,4,5,4,5,4
1369,3,0,0,2,2,2,2,4,2,3,3,2,1,1,2,1,2,1,2,2,1,4,5,5,4,5,4,5,5,4
1370,2,0,0,2,2,3,1,3,3,4,2,2,1,1,3,2,3,2,1,2,1,4,5,4,5,4,5,4,5,3
1371,3,0,1,2,4,2,0,4,2,3,3,2,0,1,2,1,2,1,2,2,1,4,5,5,4,5,4,5,4,5
1372,2,1,1,2,5,3,2,3,3,3,3,4,0,1,3,3,2,2,1,4,4,3,4,4,4,4,5,5,5,5
1373,4,0,0,2,1,2,0,3,2,4,4,2,1,1,2,1,2,1,2,2,1,4,5,5,5,5,5,5,5,5
1374,3,0,1,2,4,1,0,4,3,3,3,2,0,1,2,2,3,2,3,2,1,4,4,4,4,5,4,5,3,4
1375,3,0,0,2,2,3,1,4,2,4,3,4,1,1,5,3,2,5,4,2,2,3,4,3,3,3,5,4,5,4
1376,4,0,1,2,4,1,0,5,2,4,4,2,0,1,3,2,3,2,1,2,2,5,5,4,3,4,4,5,4,4
1377,2,1,0,2,5,3,1,5,1,3,1,4,1,4,4,3,3,2,3,3,3,4,3,3,3,2,3,4,3,4
1378,2,1,1,2,5,2,2,5,2,3,1,2,1,4,4,3,3,2,3,3,3,2,3,4,4,4,3,4,3,4
1379,3,0,1,2,5,3,0,3,1,5,2,2,0,4,2,2,2,2,2,5,4,3,2,3,3,4,3,5,2,4
1380,1,0,1,2,4,3,1,5,1,3,2,2,1,4,2,2,3,2,2,4,4,3,2,3,3,2,3,4,3,4
1381,1,1,0,1,4,2,1,4,1,3,2,2,1,2,3,3,2,3,2,2,2,3,2,3,3,4,3,4,3,4
1382,1,0,0,2,5,3,1,4,1,3,1,2,1,2,3,3,2,3,2,3,2,3,3,3,3,4,4,3,2,2
1383,4,1,1,2,4,5,0,5,1,5,2,2,0,2,2,2,2,3,3,4,3,4,2,3,2,4,3,3,4,2
1384,2,1,0,2,4,3,1,4,2,2,2,2,1,2,3,3,2,4,5,5,4,2,3,3,3,2,3,4,3,4
1385,2,0,1,2,4,4,1,2,1,4,1,2,0,2,2,2,3,2,2,4,3,2,4,4,4,3,4,3,4,3
1386,2,0,0,2,4,3,1,4,1,3,2,2,1,4,5,4,4,3,3,2,3,3,3,3,3,4,3,3,2,3
1387,1,0,0,2,5,3,1,5,1,2,2,3,1,3,3,3,2,3,4,4,4,3,4,3,3,4,5,4,3,3
1388,1,1,0,2,4,3,1,5,1,3,2,2,1,2,4,4,3,3,4,3,3,4,3,3,3,2,2,3,4,3
1389,2,1,0,2,4,3,1,5,1,3,2,2,1,2,4,3,3,4,3,3,3,3,3,2,2,3,4,3,4,4
1390,1,1,0,2,4,3,2,5,1,2,2,2,1,2,4,4,3,3,2,3,3,4,3,3,3,4,3,3,2,3
1391,1,1,1,2,4,3,0,5,1,4,2,4,0,4,2,1,3,1,2,2,2,3,4,4,3,2,3,2,3,3
1392,2,0,0,2,4,2,2,5,1,3,3,2,1,2,5,4,3,4,2,3,4,3,4,3,3,4,3,2,3,4
1393,1,1,0,2,4,3,1,4,1,3,3,2,1,4,3,3,2,3,3,3,3,4,3,2,2,3,3,4,3,2
1394,1,1,0,2,5,3,1,4,1,2,2,2,1,1,5,4,4,3,4,4,3,3,4,3,4,3,4,3,3,4
1395,2,0,1,2,4,3,0,4,2,4,2,2,0,4,2,3,2,4,2,2,2,4,3,2,3,2,3,4,3,4
1396,4,0,1,2,4,3,0,5,1,5,2,2,0,2,2,1,1,2,1,4,3,2,4,2,3,4,3,2,3,4
1397,2,1,0,2,5,2,1,4,1,3,2,3,1,4,4,3,2,2,2,2,3,4,3,3,3,4,3,2,3,4
1398,2,0,0,2,5,4,2,4,1,3,2,2,1,2,3,3,4,3,2,3,3,2,3,3,3,4,3,4,3,3
1399,2,0,0,2,4,3,1,5,1,2,2,2,1,2,2,3,3,2,3,3,3,2,3,3,2,3,3,4,3,3
1400,2,0,0,4,4,3,1,4,1,2,2,2,1,4,4,4,3,4,3,3,3,4,3,3,2,3,3,4,3,3
1401,1,1,0,2,4,2,1,4,1,2,2,2,1,2,3,3,4,3,4,3,3,4,3,3,3,4,2,4,4,5
1402,2,0,0,2,2,2,0,2,2,3,1,2,1,2,4,4,3,2,3,3,3,4,3,3,3,4,3,2,3,4
1403,2,0,1,2,4,1,1,3,1,3,3,2,0,1,2,2,3,2,1,3,4,3,4,2,3,4,3,2,3,4
1404,1,1,0,2,5,3,1,5,1,2,2,2,1,1,4,3,2,3,2,3,3,4,2,3,4,4,3,4,5,4
1405,1,0,0,2,4,2,1,4,2,3,2,2,1,2,4,3,3,2,3,3,3,2,3,3,3,2,3,2,3,4
1406,3,0,0,2,3,2,1,5,2,3,3,2,0,1,3,3,3,3,3,4,4,2,2,4,4,4,5,5,4,4
1407,2,0,1,2,2,1,0,3,1,4,3,2,0,1,4,3,4,3,2,4,3,2,3,3,3,4,3,2,2,3
1408,4,1,1,2,4,2,0,2,2,4,3,2,0,2,3,3,4,3,2,4,3,2,4,2,3,2,2,3,3,4
1409,2,0,1,2,4,3,1,2,2,5,4,4,0,1,1,3,2,2,2,2,2,2,3,2,3,4,3,4,3,4
1410,1,1,1,2,4,4,0,1,2,4,2,2,1,4,3,2,3,3,3,4,3,2,3,3,2,3,2,3,3,4
1411,4,0,1,2,5,3,1,2,2,5,3,2,0,1,2,2,2,4,2,2,2,4,3,4,3,2,3,4,3,4
1412,1,0,1,2,4,1,0,3,1,3,2,2,0,3,2,2,2,2,2,4,3,2,3,4,3,3,2,3,3,4
1413,1,0,0,2,2,2,1,4,1,3,2,2,1,1,4,3,4,3,2,3,3,3,4,3,2,3,4,3,4,4
1414,3,0,0,2,4,3,1,4,1,3,2,2,1,4,3,4,2,3,3,3,4,3,3,2,3,3,3,4,3,4
1415,4,0,1,2,4,2,0,3,1,4,3,2,0,4,2,3,3,2,4,4,4,3,2,2,2,3,3,4,3,3
1416,1,1,0,2,4,4,1,5,1,3,2,2,1,2,4,4,5,4,3,3,3,4,2,2,2,3,3,4,4,5
1417,1,0,0,2,1,4,1,5,1,2,3,2,1,3,4,3,3,2,3,3,3,2,3,4,3,3,4,3,2,3
1418,2,0,0,2,4,2,1,5,1,3,3,2,1,1,3,2,3,3,2,3,4,3,3,3,2,3,3,4,3,4
1419,2,0,0,2,2,2,1,4,1,3,2,3,1,2,2,2,3,2,3,3,3,4,3,3,2,3,3,4,3,4
1420,2,0,0,2,3,3,1,5,1,2,2,4,1,4,3,4,3,3,2,3,3,4,3,3,3,2,3,3,4,3
1421,1,1,0,2,4,2,1,5,1,2,2,3,1,2,4,4,3,3,2,3,3,4,3,3,3,2,3,2,3,4
1422,1,1,0,2,4,2,1,5,1,2,2,3,1,4,3,3,2,3,2,3,3,4,3,3,4,4,5,4,3,4
1423,1,0,0,2,1,2,1,5,1,2,2,2,1,3,2,3,2,1,3,4,3,4,2,2,3,4,4,4,5,5
1424,2,1,0,3,1,2,0,3,1,3,2,3,1,2,2,3,4,3,3,3,3,2,3,3,3,4,3,2,3,3
1425,1,1,0,2,4,3,2,4,1,3,3,2,1,2,3,3,2,3,3,3,3,2,3,3,4,3,4,3,2,3
1426,1,0,0,2,4,3,1,4,1,3,3,2,1,4,4,3,4,4,5,4,3,4,3,3,3,4,3,3,4,4
1427,2,1,0,2,5,3,2,5,1,2,2,2,1,2,3,3,2,3,2,3,2,4,3,3,2,3,2,3,4,5
1428,2,0,0,2,5,4,2,5,2,3,2,2,1,2,3,3,4,2,3,3,3,4,2,2,3,3,2,3,4,3
1429,2,0,0,2,4,3,1,5,1,3,1,3,1,2,4,4,3,3,4,3,3,4,3,3,3,4,3,2,3,4
1430,1,0,0,2,4,2,1,4,1,3,2,4,1,2,4,4,3,4,3,4,4,3,2,3,2,3,2,3,3,4
1431,4,0,1,2,4,4,1,2,1,4,2,2,0,1,2,2,2,2,2,4,4,3,3,3,3,2,3,2,4,4
1432,3,1,1,2,3,2,0,2,2,4,2,3,0,1,3,2,1,2,3,3,2,3,4,4,5,4,3,4,5,4
1433,5,1,0,3,4,3,0,2,5,3,3,1,0,4,3,2,1,2,3,3,2,3,4,4,3,4,5,4,3,4
1434,3,1,1,2,5,5,2,2,4,5,3,3,0,4,2,2,3,3,2,1,2,4,3,3,4,5,4,3,4,3
1435,2,1,0,2,4,2,1,4,1,3,2,2,1,4,4,3,3,4,3,3,3,2,3,3,3,2,3,3,2,4
1436,3,0,1,2,4,2,1,2,1,4,4,3,0,3,3,2,3,2,2,3,2,3,4,3,4,3,4,5,4,4
1437,1,0,0,2,4,2,1,4,1,3,3,1,1,4,4,3,4,5,3,3,4,3,2,2,3,2,3,4,2,4
1438,1,0,0,2,5,2,1,4,1,3,2,2,1,3,3,4,3,2,3,3,3,4,3,2,3,2,3,4,3,2
1439,3,0,1,2,1,1,0,3,2,4,3,4,0,2,2,1,2,1,2,2,1,4,4,5,4,3,4,4,3,4
1440,2,0,1,2,4,2,0,3,3,4,2,5,0,2,2,1,2,1,2,2,1,4,5,4,5,4,5,4,5,4
1441,2,0,0,2,2,2,0,3,2,4,2,5,0,1,2,1,2,1,2,2,1,4,5,4,5,4,5,4,5,4
1442,3,0,1,2,5,3,0,3,2,4,3,5,0,1,2,1,2,2,1,2,1,4,5,5,4,5,3,4,4,3
1443,4,0,1,2,3,2,0,3,2,4,3,4,0,1,2,1,2,1,2,2,1,4,5,4,5,4,5,4,5,4
1444,2,0,1,2,4,2,0,3,2,4,3,5,0,1,1,1,1,2,1,2,1,4,5,4,5,4,5,4,5,4
1445,2,0,1,2,2,2,0,3,3,4,3,5,0,1,2,1,2,1,2,2,1,4,5,4,5,4,5,4,4,5
1446,3,0,0,3,2,2,0,3,2,4,2,5,0,1,2,1,1,1,2,2,1,4,5,4,5,5,5,5,4,5
1447,3,0,0,3,2,2,0,3,3,4,3,5,0,2,1,2,1,2,1,2,2,5,4,5,4,5,4,5,4,5
1448,3,0,1,2,3,2,0,3,3,4,3,5,0,1,2,1,2,1,1,1,2,5,4,5,4,5,4,3,4,5
1449,3,0,1,2,2,2,0,3,2,4,3,4,0,1,2,1,2,1,2,3,2,5,4,4,5,4,4,4,4,5
1450,2,0,1,2,2,2,0,3,3,3,3,4,1,2,2,1,2,1,2,2,1,4,5,4,5,4,5,4,5,4
1451,3,0,0,3,4,2,0,3,2,4,2,4,0,1,1,2,1,3,2,1,2,3,4,4,4,3,4,3,4,3
1452,3,0,1,2,4,2,0,3,3,4,3,5,0,1,2,1,2,1,2,2,1,4,5,4,5,4,5,4,5,4
1453,3,0,1,2,4,2,0,3,2,4,3,4,1,1,2,1,2,1,2,2,1,4,5,5,4,5,4,5,4,4
1454,3,0,0,2,3,2,0,3,2,3,3,4,0,2,2,1,2,1,2,1,2,5,4,5,4,5,4,5,4,5
1455,3,0,0,3,3,2,1,3,2,3,3,3,0,1,2,1,2,1,2,2,3,4,4,4,5,4,5,4,5,4
1456,3,0,1,2,2,2,1,3,3,4,3,4,0,2,2,1,2,2,2,2,2,3,4,4,3,4,4,4,4,4
1457,2,0,0,3,4,3,0,4,3,3,3,3,0,2,2,1,2,1,2,1,2,5,4,5,4,5,3,4,5,4
1458,3,1,1,2,4,3,0,3,2,4,3,5,0,1,2,1,2,1,2,2,1,4,5,4,5,4,5,4,5,4
1459,3,1,1,1,4,1,0,3,3,4,3,5,0,1,2,3,2,2,2,1,2,5,4,5,4,5,3,4,5,4
1460,4,0,0,2,5,2,0,3,3,4,3,5,0,1,2,1,2,1,2,2,1,4,5,4,5,4,5,4,5,4
1461,3,0,1,2,4,2,0,3,2,4,2,5,0,1,2,1,2,1,2,1,2,5,4,5,4,5,5,4,5,5
1462,4,0,1,2,3,3,0,3,4,5,3,4,0,1,2,1,2,1,2,1,2,5,4,5,4,5,4,5,4,5
1463,1,0,1,2,5,5,0,3,3,4,3,5,0,1,2,1,1,2,2,2,1,3,4,4,5,4,5,4,4,4
1464,3,0,0,3,3,2,0,3,3,4,3,4,0,1,2,1,2,2,2,2,1,4,5,4,4,4,3,4,5,5
1465,2,0,0,3,2,2,0,3,3,5,3,5,0,1,2,1,2,1,2,1,2,5,4,4,5,4,5,4,3,3
1466,3,0,1,2,2,2,0,3,2,4,2,4,0,1,2,1,2,1,2,1,2,5,4,5,4,3,4,3,4,4
1467,3,0,1,2,3,1,0,3,3,4,3,5,0,1,2,2,2,1,2,2,1,4,4,4,5,5,3,5,4,4
1468,4,0,0,2,5,3,1,3,2,4,3,5,0,1,2,1,2,1,2,1,1,3,5,5,4,3,4,4,5,4
1469,3,0,1,2,3,2,0,3,3,4,3,5,0,1,2,1,2,2,1,2,1,4,5,4,5,4,5,4,3,3
1470,3,0,0,3,4,3,1,3,2,3,3,5,0,1,2,1,2,2,1,1,2,5,4,4,4,5,3,4,5,4
1471,3,0,1,2,3,2,1,3,2,4,2,5,0,1,2,2,1,2,2,2,1,4,5,4,4,4,5,4,3,3
1472,3,0,0,3,3,5,2,3,3,3,3,5,0,2,2,1,2,1,2,1,2,5,4,5,4,4,5,4,4,4
1473,3,0,1,2,2,2,0,3,3,4,2,5,0,2,2,1,2,2,2,1,2,5,4,4,5,4,5,4,5,4
1474,3,0,1,2,2,1,0,3,3,4,2,5,0,1,2,1,2,1,2,2,2,3,4,4,5,4,5,4,3,4
1475,3,0,0,3,3,2,2,3,4,3,3,4,0,1,2,3,2,1,2,2,1,4,4,5,4,4,5,4,3,3
1476,3,0,1,2,3,2,0,3,3,4,2,5,0,1,2,1,2,1,2,1,2,4,5,4,5,4,5,3,4,4
1477,2,0,0,2,3,2,0,3,3,4,3,4,0,1,2,2,3,2,2,2,1,4,4,4,5,4,5,4,5,4
1478,3,0,1,2,3,2,0,3,4,3,3,4,0,2,3,2,3,2,1,2,1,4,5,4,5,4,3,4,3,3
1479,3,0,1,2,2,2,0,3,3,4,2,5,0,1,2,1,2,1,2,1,2,4,5,4,5,4,5,4,5,4
1480,3,1,1,2,3,2,0,3,3,4,3,5,0,1,2,1,2,1,2,2,1,4,5,4,5,4,5,4,5,4
1481,4,0,0,3,3,2,0,3,3,4,3,5,0,2,2,3,2,3,2,2,3,3,4,4,3,3,4,4,5,4
1482,3,0,1,2,2,3,0,3,3,4,3,5,0,2,2,1,2,2,2,2,1,3,4,5,4,3,4,3,3,3
1483,3,0,1,2,2,2,0,3,2,3,3,5,0,2,2,2,2,3,2,2,1,4,4,4,5,4,4,4,4,4
1484,4,1,1,2,2,2,0,3,3,4,3,5,0,2,2,1,2,3,2,1,2,5,4,4,5,4,5,4,4,4
1485,3,0,1,2,2,2,0,3,2,4,3,5,0,1,2,2,2,2,1,2,2,5,4,4,5,4,5,4,4,3
1486,3,0,1,2,2,2,0,3,2,3,3,5,0,1,2,1,2,1,2,2,1,4,4,5,4,3,4,4,3,4
1487,3,0,1,2,2,2,0,3,3,4,3,4,0,1,2,2,1,2,1,2,1,4,5,4,5,4,5,4,5,4
1488,3,0,0,2,2,2,0,3,3,4,3,5,0,2,2,2,1,2,2,2,1,4,5,4,5,4,5,4,5,4
1489,3,0,1,2,3,2,0,3,3,4,3,5,0,2,1,2,2,3,2,1,2,4,4,4,3,3,4,5,4,4
1490,2,0,1,2,2,2,0,3,3,4,2,5,0,1,2,2,3,2,3,2,3,4,4,4,5,4,5,4,4,4
1491,3,0,1,2,2,2,0,3,3,3,3,5,0,2,2,1,2,1,2,1,2,5,4,5,4,5,4,5,4,4
1492,2,0,1,2,2,3,1,3,3,4,3,5,0,2,2,3,2,3,2,2,3,4,5,4,5,4,3,4,4,4
1493,2,0,0,2,2,1,0,3,3,4,3,4,0,1,1,1,2,1,1,2,1,4,5,4,4,5,4,4,4,4
1494,2,1,1,2,5,2,0,3,2,4,2,5,0,1,2,1,2,1,2,2,1,4,5,4,5,4,4,5,4,4
1495,2,0,1,2,4,2,1,3,3,4,3,5,0,1,3,1,2,1,2,2,3,4,3,4,5,4,4,5,4,3
1496,1,0,1,2,4,5,1,3,2,4,2,5,0,2,2,4,3,2,3,2,2,5,4,4,5,4,4,5,4,4
1497,1,0,1,2,5,2,1,2,1,3,3,5,0,1,2,2,2,2,1,2,2,4,4,4,2,5,4,5,4,3
1498,4,0,1,2,4,3,0,3,3,3,3,5,0,4,1,3,1,1,3,2,1,3,5,5,5,5,5,5,5,5
1499,4,0,1,2,4,3,0,3,3,4,3,5,0,1,3,3,2,2,1,2,1,4,5,4,5,4,5,4,5,4
1500,4,0,0,3,3,2,0,3,3,4,3,5,0,1,2,3,2,3,2,3,2,3,4,3,4,4,4,4,4,4
